#名前,"性別(0=両,1=男,2=女)",レア度,スロット1,スロット2,スロット3,入手時期,初期防御力,最終防御力,火耐性,水耐性,雷耐性,氷耐性,龍耐性,スキル系統1,スキル値1,スキル系統2,スキル値2,スキル系統3,スキル値3,スキル系統4,スキル値4,スキル系統5,スキル値5,生産素材1,個数,生産素材2,個数,生産素材3,個数,生産素材4,個数,カスタム強化防御力,カスタム強化素材1,個数1,カスタム強化素材2,個数2,ワンセット防具,仮番号
レザーヘッド,0,1,0,0,0,1,2,38,2,0,0,0,0,腹減り耐性,1,,,,,,,,,鉄鉱石,2,,,,,,,68,龍脈石のかけら,1,ユニオン鉱石,3,0,10
チェーンヘッド,0,1,0,0,0,1,2,38,0,2,0,0,0,採集の達人,1,,,,,,,,,鉄鉱石,2,,,,,,,68,龍脈石のかけら,1,ユニオン鉱石,3,0,20
ハンターヘルム,0,1,0,0,0,1,6,42,2,2,0,0,0,導蟲反応距離ＵＰ,1,,,,,,,,,ジャグラスの皮,2,ジャグラスの鱗,2,,,,,72,龍脈石のかけら,1,ユニオン鉱石,3,0,30
ボーンヘルム,0,1,0,0,0,1,6,42,2,0,2,0,2,体力増強,1,,,,,,,,,竜骨【小】,2,太古の大骨,2,,,,,72,龍脈石のかけら,1,ユニオン鉱石,3,0,40
ランゴヘルム,0,1,0,0,0,3,8,44,-2,1,1,1,2,納刀術,1,,,,,,,,,ランゴスタの甲殻,2,鉄鉱石,2,,,,,74,龍脈石のかけら,1,ユニオン鉱石,3,0,50
ジャグラスヘルム,0,1,0,0,0,2,8,44,-2,2,-1,-1,1,早食い,1,,,,,,,,,賊竜の皮,2,賊竜のたてがみ,2,賊竜の爪,2,太古の大骨,1,74,龍脈石のかけら,1,ユニオン鉱石,3,0,60
クルルヘルム,0,1,0,0,0,2,10,46,0,-3,0,1,0,火耐性,1,,,,,,,,,掻鳥の鱗,2,掻鳥の皮,1,掻鳥の飾り羽,1,,,76,龍脈石のかけら,1,ユニオン鉱石,3,0,70
アロイヘルム,0,2,0,0,0,3,8,40,-2,1,-2,-2,1,風圧耐性,1,,,,,,,,,マカライト鉱石,4,鉄鉱石,4,大地の結晶,2,,,66,龍脈石のかけら,1,ユニオン鉱石,3,0,80
プケプケヘルム,0,2,0,0,0,2,12,44,0,3,-3,0,1,環境利用の知識,1,,,,,,,,,毒妖鳥の甲殻,2,毒妖鳥の尻尾,1,毒妖鳥の羽根,2,マカライト鉱石,2,70,龍脈石のかけら,1,ユニオン鉱石,3,0,90
ボロスヘルム,0,2,0,0,0,3,14,38,-3,-1,3,-1,0,ガード性能,1,,,,,,,,,土砂竜の背甲,2,土砂竜の尻尾,1,土砂竜の爪,2,ケストドンの甲殻,2,72,龍脈石のかけら,1,ユニオン鉱石,3,0,100
ジュラヘルム,0,2,0,0,0,3,14,46,-1,2,-3,0,0,水場・深雪適応,1,,,,,,,,,泥魚竜の鱗,2,泥魚竜の甲殻,1,泥魚竜のヒレ,1,咬魚の皮,3,72,龍脈石のかけら,1,ユニオン鉱石,3,0,110
カガチヘルム,0,2,0,0,0,4,16,48,0,-3,3,0,0,体術,1,,,,,,,,,飛雷竜の毛皮,2,飛雷竜の電極針,2,飛雷竜の爪,1,電気袋,1,74,龍脈石のかけら,1,ユニオン鉱石,3,0,120
ハイメタヘルム,0,3,0,0,0,6,18,46,0,-1,-2,3,0,氷耐性,1,,,,,,,,,ドラグライト鉱石,2,マカライト鉱石,1,鉄鉱石,6,,,70,龍脈石のかけら,1,ユニオン鉱石,3,0,130
オウビートテスタ,1,3,0,0,0,6,22,50,-1,-1,2,0,2,回避性能,1,,,,,,,,,オオツノアゲハ,1,ドラグライト鉱石,2,深海の結晶,2,火炎袋,1,74,龍脈石のかけら,1,ユニオン鉱石,3,0,140
パピメルテスタ,2,3,0,0,0,6,22,50,-1,-1,2,0,2,回避性能,1,,,,,,,,,オオツノアゲハ,1,ドラグライト鉱石,2,深海の結晶,2,火炎袋,1,74,龍脈石のかけら,1,ユニオン鉱石,3,0,150
シャムゴーグル,0,3,0,0,0,6,22,50,2,2,0,-3,0,感知,1,,,,,,,,,シャムオスの皮,2,シャムオスの鱗,3,サンゴの紅骨,1,深海の結晶,1,74,龍脈石のかけら,1,ユニオン鉱石,3,0,160
タロスヘルム,0,3,0,0,0,8,18,46,-1,-1,0,0,2,こやし名人,1,,,,,,,,,カンタロスの頭,1,カンタロスの甲殻,1,マカライト鉱石,1,モンスターの体液,1,70,龍脈石のかけら,1,ユニオン鉱石,3,0,170
ジャナフヘルム,0,3,0,0,0,5,20,48,3,-3,-1,-1,0,火属性攻撃強化,1,蛮顎竜の力,1,,,,,,,蛮顎竜の毛皮,3,蛮顎竜の鱗,3,蛮顎竜の尻尾,1,火炎袋,1,72,龍脈石のかけら,1,ユニオン鉱石,3,0,180
レイアヘルム,0,3,0,0,0,5,22,50,2,0,-2,0,-3,体力増強,1,,,,,,,,,雌火竜の甲殻,2,雌火竜の鱗,3,雌火竜の翼膜,2,火炎袋,1,74,龍脈石のかけら,1,ユニオン鉱石,3,0,190
ツィツィヘルム,0,3,0,0,0,6,18,46,0,0,-3,-2,0,閃光強化,1,,,,,,,,,眩鳥の鱗,2,眩鳥の皮,1,眩鳥の発光膜,1,深海の結晶,1,70,龍脈石のかけら,1,ユニオン鉱石,3,0,200
ウルムーヘルム,0,3,0,0,0,6,20,48,-3,2,0,1,0,スタミナ急速回復,1,,,,,,,,,浮空竜の鱗,2,浮空竜の翼膜,2,ゴム質の甲殻,2,ライトクリスタル,1,72,龍脈石のかけら,1,ユニオン鉱石,3,0,210
ギルオスヘルム,0,3,0,0,0,8,20,48,0,-3,2,0,1,笛吹き名人,1,,,,,,,,,痺賊竜の鱗,2,痺賊竜の皮,1,痺賊竜の頭巾殻,1,ギルオスの鱗,3,72,龍脈石のかけら,1,ユニオン鉱石,3,0,220
バルキンヘルム,0,3,0,0,0,8,24,52,0,2,0,-1,-2,ＫＯ術,1,,,,,,,,,骨鎚竜の甲殻,3,骨鎚竜の黒油殻,2,竜骨塊,2,骨鎚竜の骨髄,1,76,龍脈石のかけら,1,ユニオン鉱石,3,0,230
インゴットヘルム,0,4,0,0,0,8,28,52,-2,0,3,-1,0,雷属性攻撃強化,1,,,,,,,,,ドラグライト鉱石,2,上竜骨,1,鉄鉱石,8,マカライト鉱石,3,72,龍脈石のかけら,1,ユニオン鉱石,3,0,240
デスギアゲヒル,0,4,0,0,0,8,32,56,3,2,-2,3,-4,死中に活,1,,,,,,,,,禍々しい布,1,いびつな狂骨,1,上竜骨,2,とがった爪,3,76,龍脈石のかけら,1,ユニオン鉱石,3,0,250
ブリゲイドロポス,0,4,0,0,0,8,28,52,1,0,2,0,2,回復速度,1,,,,,,,,,闘技王のコイン,2,プケプケコイン,2,クルルコイン,2,勇気の証,1,72,龍脈石のかけら,1,ユニオン鉱石,3,0,260
ギエナヘルム,0,4,0,0,0,8,30,54,-1,2,-3,3,0,精霊の加護,1,風漂竜の恩恵,1,,,,,,,風漂竜の鱗,2,風漂竜の皮,1,風漂竜の爪,1,シャムオスの鱗,2,74,龍脈石のかけら,1,ユニオン鉱石,3,0,270
ガロンヘルム,0,4,0,0,0,8,30,54,2,2,-2,-3,0,裂傷耐性,1,惨爪竜の力,1,,,,,,,惨爪竜の鱗,2,惨爪竜の硬筋,1,惨爪竜の爪,1,いびつな狂骨,1,74,龍脈石のかけら,1,ユニオン鉱石,3,0,280
レウスヘルム,0,4,0,0,0,8,30,54,3,1,-2,1,-3,攻撃,1,火竜の力,1,,,,,,,火竜の鱗,2,火竜の甲殻,2,火竜の翼爪,2,火竜の骨髄,1,74,龍脈石のかけら,1,ユニオン鉱石,3,0,290
ディアブロヘルム,0,4,0,0,0,8,32,56,3,-2,0,-3,2,抜刀術【技】,1,角竜の力,1,,,,,,,角竜の背甲,3,角竜の牙,2,ねじれた角,1,角竜の骨髄,1,76,龍脈石のかけら,1,ユニオン鉱石,3,0,300
キリンホーン,0,4,0,0,0,8,34,58,-3,-2,4,-2,2,ランナー,1,幻獣の恩恵,1,,,,,,,幻獣の皮,2,幻獣の尾,2,幻獣の雷角,3,ライトクリスタル,1,78,龍脈石のかけら,1,ユニオン鉱石,3,0,310
ブロッサムヘッド,0,3,0,0,0,3,18,46,1,1,4,1,1,ハニーハンター,1,,,,,,,,,開花チケット,1,大地の結晶,1,,,,,70,龍脈石のかけら,1,ユニオン鉱石,3,0,320
ダイバーシュノ,0,3,0,0,0,6,22,50,1,4,1,1,1,ランナー,1,,,,,,,,,納涼チケット,1,深海の結晶,1,,,,,74,龍脈石のかけら,1,ユニオン鉱石,3,0,330
ハーベストフロール,0,3,0,0,0,6,26,54,4,1,1,1,1,集中,1,,,,,,,,,豊穣チケット,1,頑丈な骨,1,,,,,78,龍脈石のかけら,1,ユニオン鉱石,3,0,340
オリオンヘッド,0,4,0,0,0,8,30,54,1,1,1,4,1,体力回復量ＵＰ,1,,,,,,,,,煌めきチケット,1,上竜骨,1,,,,,74,龍脈石のかけら,1,ユニオン鉱石,3,0,350
フルドレスハット,0,4,0,0,0,8,34,58,1,1,1,1,4,超会心,1,アステラの祝福,1,,,,,,,感謝チケット,1,上竜骨,3,,,,,78,龍脈石のかけら,1,ユニオン鉱石,3,0,360
パピオムテスタ,1,3,0,0,0,4,22,50,-1,-1,2,0,2,気絶耐性,1,,,,,,,,,昆虫図鑑【春】,1,オオツノアゲハ,1,ランゴスタの甲殻,1,モンスターの体液,1,74,龍脈石のかけら,1,ユニオン鉱石,3,0,370
クインビートテスタ,2,3,0,0,0,4,22,50,-1,-1,2,0,2,気絶耐性,1,,,,,,,,,昆虫図鑑【春】,1,オオツノアゲハ,1,ランゴスタの甲殻,1,モンスターの体液,1,74,龍脈石のかけら,1,ユニオン鉱石,3,0,380
レザーヘッドα,0,5,0,0,0,11,32,54,2,0,0,0,0,腹減り耐性,2,,,,,,,,,カブレライト鉱石,3,上質な毛皮,1,,,,,70,龍脈石のかけら,1,いにしえの龍骨,1,0,390
レザーヘッドβ,0,5,1,0,0,11,32,54,2,0,0,0,0,腹減り耐性,1,,,,,,,,,カブレライト鉱石,3,上質な毛皮,1,,,,,70,龍脈石のかけら,1,いにしえの龍骨,1,0,400
チェーンヘッドα,0,5,0,0,0,11,32,54,0,2,0,0,0,採集の達人,1,ガード性能,1,,,,,,,カブレライト鉱石,3,ドラグライト鉱石,2,,,,,70,龍脈石のかけら,1,いにしえの龍骨,1,0,410
チェーンヘッドβ,0,5,1,0,0,11,32,54,0,2,0,0,0,採集の達人,1,,,,,,,,,カブレライト鉱石,3,ドラグライト鉱石,2,,,,,70,龍脈石のかけら,1,いにしえの龍骨,1,0,420
ハンターヘルムα,0,5,0,0,0,11,36,58,2,2,0,0,0,導蟲反応距離ＵＰ,1,研究者,1,,,,,,,ジャグラスの上皮,3,ジャグラスの上鱗,4,,,,,74,龍脈石のかけら,1,いにしえの龍骨,1,0,430
ハンターヘルムβ,0,5,1,0,0,11,36,58,2,2,0,0,0,導蟲反応距離ＵＰ,1,,,,,,,,,ジャグラスの上皮,3,ジャグラスの上鱗,4,,,,,74,龍脈石のかけら,1,いにしえの龍骨,1,0,440
ボーンヘルムα,0,5,0,0,0,11,36,58,2,0,2,0,2,体力増強,1,昆虫標本の達人,1,,,,,,,上質な堅骨,3,上竜骨,2,いびつな狂骨,2,,,74,龍脈石のかけら,1,いにしえの龍骨,1,0,450
ボーンヘルムβ,0,5,1,0,0,11,36,58,2,0,2,0,2,体力増強,1,,,,,,,,,上質な堅骨,3,上竜骨,2,いびつな狂骨,2,,,74,龍脈石のかけら,1,いにしえの龍骨,1,0,460
アロイヘルムα,0,5,0,0,0,11,36,58,-2,0,-2,-2,0,風圧耐性,1,防御,1,,,,,,,カブレライト鉱石,3,ドラグライト鉱石,6,龍脈の結晶,3,マカライト鉱石,5,74,龍脈石のかけら,1,いにしえの龍骨,1,0,470
アロイヘルムβ,0,5,1,0,0,11,36,58,-2,0,-2,-2,0,風圧耐性,1,,,,,,,,,カブレライト鉱石,3,ドラグライト鉱石,6,龍脈の結晶,3,マカライト鉱石,5,74,龍脈石のかけら,1,いにしえの龍骨,1,0,480
オウビートテスタα,1,5,0,0,0,11,42,64,-1,-1,2,0,2,回避性能,2,植生学,1,,,,,,,オオツノアゲハ,1,カブレライト鉱石,2,モンスターの濃汁,2,爆炎袋,3,80,龍脈石のかけら,1,いにしえの龍骨,1,0,490
オウビートテスタβ,1,5,1,0,0,11,42,64,-1,-1,2,0,2,回避性能,2,,,,,,,,,オオツノアゲハ,1,カブレライト鉱石,2,モンスターの濃汁,2,爆炎袋,3,80,龍脈石のかけら,1,いにしえの龍骨,1,0,500
パピメルテスタα,2,5,0,0,0,11,42,64,-1,-1,2,0,2,回避性能,2,植生学,1,,,,,,,オオツノアゲハ,1,カブレライト鉱石,2,モンスターの濃汁,2,爆炎袋,3,80,龍脈石のかけら,1,いにしえの龍骨,1,0,510
パピメルテスタβ,2,5,1,0,0,11,42,64,-1,-1,2,0,2,回避性能,2,,,,,,,,,オオツノアゲハ,1,カブレライト鉱石,2,モンスターの濃汁,2,爆炎袋,3,80,龍脈石のかけら,1,いにしえの龍骨,1,0,520
ランゴヘルムα,0,5,0,0,0,11,38,60,-2,1,1,1,2,納刀術,1,麻痺属性強化,1,,,,,,,ランゴスタの堅殻,3,ランゴスタの薄羽,2,尖竜骨,2,,,76,龍脈石のかけら,1,いにしえの龍骨,1,0,530
ランゴヘルムβ,0,5,1,0,0,11,38,60,-2,1,1,1,2,納刀術,1,,,,,,,,,ランゴスタの堅殻,3,ランゴスタの薄羽,2,尖竜骨,2,,,76,龍脈石のかけら,1,いにしえの龍骨,1,0,540
タロスヘルムα,0,5,0,0,0,11,38,60,-1,-1,0,0,2,こやし名人,1,龍属性攻撃強化,1,,,,,,,カンタロスの堅殻,3,カンタロスの薄羽,2,モンスターの濃汁,2,,,76,龍脈石のかけら,1,いにしえの龍骨,1,0,550
タロスヘルムβ,0,5,1,0,0,11,38,60,-1,-1,0,0,2,こやし名人,1,,,,,,,,,カンタロスの堅殻,3,カンタロスの薄羽,2,モンスターの濃汁,2,,,76,龍脈石のかけら,1,いにしえの龍骨,1,0,560
モスフェイクα,0,5,0,0,0,11,40,62,2,2,2,2,2,キノコ大好き,2,,,,,,,,,モスの苔皮,3,蛮顎竜の大鼻骨,1,痺賊竜の上皮,3,ノヴァクリスタル,1,78,龍脈石のかけら,1,いにしえの龍骨,1,0,570
シャムゴーグルα,0,5,0,0,0,11,40,62,2,2,0,-3,0,感知,1,地質学,1,,,,,,,シャムオスの上皮,3,シャムオスの上鱗,4,龍脈の結晶,3,,,78,龍脈石のかけら,1,いにしえの龍骨,1,0,580
シャムゴーグルβ,0,5,1,0,0,11,40,62,2,2,0,-3,0,感知,1,,,,,,,,,シャムオスの上皮,3,シャムオスの上鱗,4,龍脈の結晶,3,,,78,龍脈石のかけら,1,いにしえの龍骨,1,0,590
ジャグラスヘルムα,0,5,0,0,0,11,40,62,-2,2,-1,-1,1,早食い,2,,,,,,,,,賊竜の上皮,4,賊竜のたてがみ,2,賊竜の尖爪,4,鋭利な爪,2,78,龍脈石のかけら,1,いにしえの龍骨,1,0,600
ジャグラスヘルムβ,0,5,1,0,0,11,40,62,-2,2,-1,-1,1,早食い,1,,,,,,,,,賊竜の上皮,4,賊竜のたてがみ,2,賊竜の尖爪,4,鋭利な爪,2,78,龍脈石のかけら,1,いにしえの龍骨,1,0,610
クルルヘルムα,0,5,0,0,0,11,40,62,0,-3,0,1,0,火耐性,1,弱点特効,1,,,,,,,掻鳥の上鱗,4,掻鳥の上皮,2,掻鳥の大飾り羽,2,,,78,龍脈石のかけら,1,いにしえの龍骨,1,0,620
クルルヘルムβ,0,5,1,1,0,11,40,62,0,-3,0,1,0,火耐性,1,,,,,,,,,掻鳥の上鱗,4,掻鳥の上皮,2,掻鳥の大飾り羽,2,,,78,龍脈石のかけら,1,いにしえの龍骨,1,0,630
ツィツィヘルムα,0,5,0,0,0,11,40,62,0,0,-3,-2,0,閃光強化,1,気絶耐性,1,,,,,,,眩鳥の上鱗,4,眩鳥の上皮,2,眩鳥の閃光膜,2,深海の結晶,5,78,龍脈石のかけら,1,いにしえの龍骨,1,0,640
ツィツィヘルムβ,0,5,1,0,0,11,40,62,0,0,-3,-2,0,閃光強化,1,,,,,,,,,眩鳥の上鱗,4,眩鳥の上皮,2,眩鳥の閃光膜,2,深海の結晶,5,78,龍脈石のかけら,1,いにしえの龍骨,1,0,650
ギルオスヘルムα,0,5,0,0,0,11,40,62,0,-3,2,0,1,笛吹き名人,1,麻痺耐性,1,,,,,,,痺賊竜の上鱗,4,痺賊竜の上皮,2,痺賊竜の大頭巾,1,ギルオスの上鱗,4,78,龍脈石のかけら,1,いにしえの龍骨,1,0,660
ギルオスヘルムβ,0,5,1,0,0,11,40,62,0,-3,2,0,1,笛吹き名人,1,,,,,,,,,痺賊竜の上鱗,4,痺賊竜の上皮,2,痺賊竜の大頭巾,1,ギルオスの上鱗,4,78,龍脈石のかけら,1,いにしえの龍骨,1,0,670
プケプケヘルムα,0,5,0,0,0,11,42,64,0,3,-3,0,1,環境利用の知識,2,,,,,,,,,毒妖鳥の堅殻,2,毒妖鳥の尻尾,2,毒妖鳥の翼,3,猛毒袋,2,80,龍脈石のかけら,1,いにしえの龍骨,1,0,680
プケプケヘルムβ,0,5,1,1,0,11,42,64,0,3,-3,0,1,環境利用の知識,1,,,,,,,,,毒妖鳥の堅殻,2,毒妖鳥の尻尾,2,毒妖鳥の翼,3,猛毒袋,2,80,龍脈石のかけら,1,いにしえの龍骨,1,0,690
ボロスヘルムα,0,5,0,0,0,11,42,64,-3,-1,3,-1,0,ガード性能,2,,,,,,,,,土砂竜の堅甲,3,土砂竜の尻尾,2,土砂竜の鋭爪,3,ケストドンの堅殻,4,80,龍脈石のかけら,1,いにしえの龍骨,1,0,700
ボロスヘルムβ,0,5,1,0,0,11,42,64,-3,-1,3,-1,0,ガード性能,1,,,,,,,,,土砂竜の堅甲,3,土砂竜の尻尾,2,土砂竜の鋭爪,3,ケストドンの堅殻,4,80,龍脈石のかけら,1,いにしえの龍骨,1,0,710
ジャナフヘルムα,0,5,0,0,0,11,44,66,3,-3,-1,-1,0,火属性攻撃強化,2,火耐性,1,蛮顎竜の闘志,1,,,,,蛮顎竜の上毛皮,4,蛮顎竜の上鱗,4,蛮顎竜の尻尾,2,爆炎袋,3,82,龍脈石のかけら,1,いにしえの龍骨,1,0,720
ジャナフヘルムβ,0,5,2,0,0,11,44,66,3,-3,-1,-1,0,火属性攻撃強化,2,蛮顎竜の闘志,1,,,,,,,蛮顎竜の上毛皮,4,蛮顎竜の上鱗,4,蛮顎竜の尻尾,2,爆炎袋,3,82,龍脈石のかけら,1,いにしえの龍骨,1,0,730
ジュラヘルムα,0,5,0,0,0,11,44,66,-1,2,-3,0,0,水場・深雪適応,2,,,,,,,,,泥魚竜の上鱗,4,泥魚竜の堅殻,2,泥魚竜の上ヒレ,2,咬魚の上皮,6,82,龍脈石のかけら,1,いにしえの龍骨,1,0,740
ジュラヘルムβ,0,5,1,0,0,11,44,66,-1,2,-3,0,0,水場・深雪適応,1,,,,,,,,,泥魚竜の上鱗,4,泥魚竜の堅殻,2,泥魚竜の上ヒレ,2,咬魚の上皮,6,82,龍脈石のかけら,1,いにしえの龍骨,1,0,750
カガチヘルムα,0,5,0,0,0,11,44,66,0,-3,3,0,0,体術,2,,,,,,,,,飛雷竜の上毛皮,4,飛雷竜の電極針,4,飛雷竜の尖爪,4,竜玉,1,82,龍脈石のかけら,1,いにしえの龍骨,1,0,760
カガチヘルムβ,0,5,2,0,0,11,44,66,0,-3,3,0,0,体術,1,,,,,,,,,飛雷竜の上毛皮,4,飛雷竜の電極針,4,飛雷竜の尖爪,4,竜玉,1,82,龍脈石のかけら,1,いにしえの龍骨,1,0,770
ウルムーヘルムα,0,5,0,0,0,11,44,66,-3,2,0,1,0,スタミナ急速回復,2,,,,,,,,,浮空竜の上鱗,4,浮空竜の翼,2,浮空竜の上毛皮,2,ライトクリスタル,2,82,龍脈石のかけら,1,いにしえの龍骨,1,0,780
ウルムーヘルムβ,0,5,2,0,0,11,44,66,-3,2,0,1,0,スタミナ急速回復,1,,,,,,,,,浮空竜の上鱗,4,浮空竜の翼,2,浮空竜の上毛皮,2,ライトクリスタル,2,82,龍脈石のかけら,1,いにしえの龍骨,1,0,790
レイアヘルムα,0,5,0,0,0,11,46,68,2,0,-2,0,-3,体力増強,2,毒属性強化,1,,,,,,,雌火竜の堅殻,4,雌火竜の上鱗,4,雌火竜の翼膜,2,爆炎袋,3,84,龍脈石のかけら,1,いにしえの龍骨,1,0,800
レイアヘルムβ,0,5,1,0,0,11,46,68,2,0,-2,0,-3,体力増強,1,毒属性強化,1,,,,,,,雌火竜の堅殻,4,雌火竜の上鱗,4,雌火竜の翼膜,2,爆炎袋,3,84,龍脈石のかけら,1,いにしえの龍骨,1,0,810
リオハートヘルムα,0,6,0,0,0,13,52,72,3,0,-3,0,-4,回避距離ＵＰ,1,毒属性強化,1,桜火竜の奥義,1,,,,,桜火竜の上鱗,4,桜火竜の堅殻,2,堅竜骨,3,シャムオスの上鱗,4,84,龍脈石のかけら,1,鳥竜玉,1,0,820
リオハートヘルムβ,0,6,2,0,0,13,52,72,3,0,-3,0,-4,回避距離ＵＰ,1,桜火竜の奥義,1,,,,,,,桜火竜の上鱗,4,桜火竜の堅殻,2,堅竜骨,3,シャムオスの上鱗,4,84,龍脈石のかけら,1,鳥竜玉,1,0,830
バルキンヘルムα,0,6,0,0,0,11,46,66,0,2,0,-1,-2,耐震,2,,,,,,,,,骨鎚竜の堅殻,6,骨鎚竜の上鱗,4,骨鎚竜の延髄,1,竜玉,1,78,龍脈石のかけら,1,鳥竜玉,1,0,840
バルキンヘルムβ,0,6,2,0,0,11,46,66,0,2,0,-1,-2,耐震,1,,,,,,,,,骨鎚竜の堅殻,6,骨鎚竜の上鱗,4,骨鎚竜の延髄,1,竜玉,1,78,龍脈石のかけら,1,鳥竜玉,1,0,850
ガストホーンα,0,5,0,0,0,13,48,70,3,0,0,0,0,ひるみ軽減,1,爆破やられ耐性,1,,,,,,,ガストドンの尖角,3,ガストドンの堅殻,4,ケストドンの堅殻,3,ドラグライト鉱石,5,86,龍脈石のかけら,1,いにしえの龍骨,1,0,860
ガストホーンβ,0,5,1,0,0,13,48,70,3,0,0,0,0,ひるみ軽減,1,,,,,,,,,ガストドンの尖角,3,ガストドンの堅殻,4,ケストドンの堅殻,3,ドラグライト鉱石,5,86,龍脈石のかけら,1,いにしえの龍骨,1,0,870
ガマルヘルムα,0,5,0,0,0,13,48,70,2,0,-3,0,2,爆破やられ耐性,2,,,,,,,,,岩賊竜の上鱗,4,岩賊竜の上皮,2,岩賊竜の顎,1,ガストドンの尖角,3,86,龍脈石のかけら,1,いにしえの龍骨,1,0,880
ガマルヘルムβ,0,5,1,0,0,13,48,70,2,0,-3,0,2,爆破やられ耐性,1,,,,,,,,,岩賊竜の上鱗,4,岩賊竜の上皮,2,岩賊竜の顎,1,ガストドンの尖角,3,86,龍脈石のかけら,1,いにしえの龍骨,1,0,890
ゾラマグナヘッドα,0,6,0,0,0,11,44,64,4,-3,-1,-2,-3,匠,1,爆破属性強化,1,熔山龍の奥義,1,,,,,熔山龍の熱鱗,3,熔山龍の背甲,2,熔山龍の岩殻,6,ドラグライト鉱石,8,76,龍脈石のかけら,1,鳥竜玉,1,0,900
ゾラマグナヘッドβ,0,6,1,0,0,11,44,64,4,-3,-1,-2,-3,匠,1,熔山龍の奥義,1,,,,,,,熔山龍の熱鱗,3,熔山龍の背甲,2,熔山龍の岩殻,6,ドラグライト鉱石,8,76,龍脈石のかけら,1,鳥竜玉,1,0,910
ハイメタヘルムα,0,6,0,0,0,13,50,70,0,-1,-2,3,0,氷耐性,2,耳栓,1,,,,,,,ユニオン鉱石,3,カブレライト鉱石,4,龍脈の結晶,2,バルノスの上皮,3,82,龍脈石のかけら,1,鳥竜玉,1,0,920
ハイメタヘルムβ,0,6,2,0,0,13,50,70,0,-1,-2,3,0,氷耐性,2,,,,,,,,,ユニオン鉱石,3,カブレライト鉱石,4,龍脈の結晶,2,バルノスの上皮,3,82,龍脈石のかけら,1,鳥竜玉,1,0,930
インゴットヘルムα,0,6,0,0,0,13,50,70,-2,0,3,-1,0,雷属性攻撃強化,2,,,,,,,,,ユニオン鉱石,1,堅竜骨,2,ドラグライト鉱石,4,ガストドンの尖角,2,82,龍脈石のかけら,1,鳥竜玉,1,0,940
インゴットヘルムβ,0,6,1,0,0,13,50,70,-2,0,3,-1,0,雷属性攻撃強化,1,,,,,,,,,ユニオン鉱石,1,堅竜骨,2,ドラグライト鉱石,4,ガストドンの尖角,2,82,龍脈石のかけら,1,鳥竜玉,1,0,950
ブリゲイドロポスα,0,6,0,0,0,13,52,72,1,0,2,0,2,回復速度,2,笛吹き名人,1,,,,,,,狩猟王のコイン,2,ツィツィコイン,4,ガマルコイン,3,堅竜骨,2,84,龍脈石のかけら,1,鳥竜玉,1,0,960
ブリゲイドロポスβ,0,6,1,0,0,13,52,72,1,0,2,0,2,回復速度,2,,,,,,,,,狩猟王のコイン,2,ツィツィコイン,4,ガマルコイン,3,堅竜骨,2,84,龍脈石のかけら,1,鳥竜玉,1,0,970
アイルーフェイクα,0,6,0,0,0,13,56,76,2,2,2,2,2,オトモへの采配,3,,,,,,,,,オトモダチケット,3,浮空竜の上毛皮,3,上質な毛皮,3,獄炎石,1,88,龍脈石のかけら,1,鳥竜玉,1,0,980
知略の眼鏡α,0,6,1,0,0,13,56,76,2,2,2,2,2,見切り,2,,,,,,,,,獄炎石,2,ノヴァクリスタル,2,ユニオン鉱石,6,,,88,龍脈石のかけら,1,鳥竜玉,1,0,990
ラヴァヘルムα,0,6,0,0,0,13,56,76,3,-3,1,-2,2,火属性攻撃強化,2,納刀術,1,,,,,,,溶岩竜の上鱗,4,溶岩竜の堅殻,2,溶岩竜の上ヒレ,2,堅竜骨,6,88,龍脈石のかけら,1,鳥竜玉,1,0,1000
ラヴァヘルムβ,0,6,1,1,0,13,56,76,3,-3,1,-2,2,火属性攻撃強化,1,納刀術,1,,,,,,,溶岩竜の上鱗,4,溶岩竜の堅殻,2,溶岩竜の上ヒレ,2,堅竜骨,6,88,龍脈石のかけら,1,鳥竜玉,1,0,1010
ギエナヘルムα,0,6,0,0,0,13,54,74,-1,2,-3,3,0,精霊の加護,2,氷属性攻撃強化,1,風漂竜の恩寵,1,,,,,風漂竜の上鱗,4,風漂竜の上皮,2,凍結袋,2,眩鳥の上鱗,2,86,龍脈石のかけら,1,鳥竜玉,1,0,1020
ギエナヘルムβ,0,6,1,0,0,13,54,74,-1,2,-3,3,0,精霊の加護,2,風漂竜の恩寵,1,,,,,,,風漂竜の上鱗,4,風漂竜の上皮,2,凍結袋,2,眩鳥の上鱗,2,86,龍脈石のかけら,1,鳥竜玉,1,0,1030
ガロンヘルムα,0,6,0,0,0,13,54,74,2,2,-2,-3,0,裂傷耐性,2,見切り,1,惨爪竜の奥義,1,,,,,惨爪竜の上鱗,4,惨爪竜の大硬筋,2,惨爪竜の尖爪,2,いびつな狂骨,3,86,龍脈石のかけら,1,鳥竜玉,1,0,1040
ガロンヘルムβ,0,6,2,0,0,13,54,74,2,2,-2,-3,0,裂傷耐性,2,惨爪竜の奥義,1,,,,,,,惨爪竜の上鱗,4,惨爪竜の大硬筋,2,惨爪竜の尖爪,2,いびつな狂骨,3,86,龍脈石のかけら,1,鳥竜玉,1,0,1050
レウスヘルムα,0,6,0,0,0,13,54,74,3,1,-2,1,-3,攻撃,2,火属性攻撃強化,1,火竜の奥義,1,,,,,火竜の上鱗,4,火竜の堅殻,4,爆炎袋,2,火竜の延髄,1,86,龍脈石のかけら,1,鳥竜玉,1,0,1060
レウスヘルムβ,0,6,1,0,0,13,54,74,3,1,-2,1,-3,攻撃,2,火竜の奥義,1,,,,,,,火竜の上鱗,4,火竜の堅殻,4,爆炎袋,2,火竜の延髄,1,86,龍脈石のかけら,1,鳥竜玉,1,0,1070
リオソウルヘルムα,0,7,0,0,0,13,56,68,3,2,2,-3,-4,超会心,1,威嚇,2,火竜の奥義,1,,,,,蒼火竜の上鱗,4,蒼火竜の堅殻,4,蒼火竜の翼,3,火竜の紅玉,1,82,龍脈石,1,竜玉,1,0,1080
リオソウルヘルムβ,0,7,1,1,0,13,56,68,3,2,2,-3,-4,超会心,1,火竜の奥義,1,,,,,,,蒼火竜の上鱗,4,蒼火竜の堅殻,4,蒼火竜の翼,3,火竜の紅玉,1,82,龍脈石,1,竜玉,1,0,1090
ディアブロヘルムα,0,6,0,0,0,13,54,74,3,-2,0,-3,2,抜刀術【技】,2,火事場力,1,角竜の奥義,1,,,,,角竜の堅甲,4,角竜の牙,4,上質なねじれた角,2,竜玉,1,86,龍脈石のかけら,1,鳥竜玉,1,0,1100
ディアブロヘルムβ,0,6,2,0,0,13,54,74,3,-2,0,-3,2,抜刀術【技】,2,角竜の奥義,1,,,,,,,角竜の堅甲,4,角竜の牙,4,上質なねじれた角,2,竜玉,1,86,龍脈石のかけら,1,鳥竜玉,1,0,1110
ディアネロヘルムα,0,7,1,0,0,13,56,68,2,-3,0,-4,2,集中,2,角竜の奥義,1,,,,,,,黒角竜の堅甲,1,上質なねじれた角,2,上質な黒巻き角,1,ノヴァクリスタル,1,82,龍脈石,1,竜玉,1,0,1120
ディアネロヘルムβ,0,7,3,0,0,13,56,68,2,-3,0,-4,2,集中,1,角竜の奥義,1,,,,,,,黒角竜の堅甲,1,上質なねじれた角,2,上質な黒巻き角,1,ノヴァクリスタル,1,82,龍脈石,1,竜玉,1,0,1130
ガンキンヘルムα,0,7,3,0,0,13,60,72,4,-3,1,-2,-2,雷耐性,2,爆鎚竜の守護,1,,,,,,,爆鎚竜の上鱗,4,爆鎚竜の堅殻,2,溶岩塊,4,獄炎石,1,86,龍脈石,1,竜玉,1,0,1140
ガンキンヘルムβ,0,7,3,1,0,13,60,72,4,-3,1,-2,-2,雷耐性,1,爆鎚竜の守護,1,,,,,,,爆鎚竜の上鱗,4,爆鎚竜の堅殻,2,溶岩塊,4,獄炎石,1,86,龍脈石,1,竜玉,1,0,1150
バゼルヘルムα,0,7,2,0,0,13,58,70,3,1,-4,-2,-2,耳栓,2,爆破属性強化,1,爆鱗竜の守護,1,,,,,爆鱗竜の堅殻,5,爆鱗竜の尖爪,2,爆鱗竜の翼,2,爆鱗竜の宝玉,1,84,龍脈石,1,竜玉,1,0,1160
バゼルヘルムβ,0,7,3,1,0,13,58,70,3,1,-4,-2,-2,耳栓,2,爆鱗竜の守護,1,,,,,,,爆鱗竜の堅殻,5,爆鱗竜の尖爪,2,爆鱗竜の翼,2,爆鱗竜の宝玉,1,84,龍脈石,1,竜玉,1,0,1170
ダマスクヘルムα,0,7,1,0,0,14,60,72,4,-2,0,0,0,防御,2,砥石使用高速化,1,,,,,,,古龍の血,2,ユニオン鉱石,3,痺賊竜の大頭巾,3,ノヴァクリスタル,1,86,龍脈石,1,竜玉,1,0,1180
ダマスクヘルムβ,0,7,3,0,0,14,60,72,4,-2,0,0,0,防御,2,,,,,,,,,古龍の血,2,ユニオン鉱石,3,痺賊竜の大頭巾,3,ノヴァクリスタル,1,86,龍脈石,1,竜玉,1,0,1190
ドーベルヘルムα,0,7,0,0,0,14,60,72,-2,0,-1,-1,4,属性解放／装填拡張,1,龍耐性,1,,,,,,,古龍骨,3,上質な堅骨,3,爆鱗竜の爆腺,1,いにしえの龍骨,1,86,龍脈石,1,竜玉,1,0,1200
ドーベルヘルムβ,0,7,1,0,0,14,60,72,-2,0,-1,-1,4,属性解放／装填拡張,1,,,,,,,,,古龍骨,3,上質な堅骨,3,爆鱗竜の爆腺,1,いにしえの龍骨,1,86,龍脈石,1,竜玉,1,0,1210
デスギアゲヒルα,0,7,2,0,0,14,62,74,3,2,-2,3,-4,死中に活,1,見切り,1,,,,,,,禍々しい布,2,荒々しい蛮骨,1,屍套龍の被膜,1,鋭利な爪,3,88,龍脈石,1,竜玉,1,0,1220
デスギアゲヒルβ,0,7,3,0,0,14,62,74,3,2,-2,3,-4,死中に活,1,,,,,,,,,禍々しい布,2,荒々しい蛮骨,1,屍套龍の被膜,1,鋭利な爪,3,88,龍脈石,1,竜玉,1,0,1230
スカルフェイスα,0,7,2,0,0,13,64,76,-3,-1,-1,-1,2,匠,1,,,,,,,,,なぞの頭骨,1,荒々しい蛮骨,2,いびつな狂骨,3,いにしえの龍骨,1,90,龍脈石,1,竜玉,1,0,1240
オーグヘルムα,0,8,1,0,0,14,64,70,1,1,-3,1,-3,渾身,2,攻撃,1,滅尽龍の飢餓,1,,,,,滅尽龍の大角,2,滅尽龍の堅殻,6,不滅の龍鱗,4,滅尽龍の宝玉,1,84,大龍脈石,1,古龍骨,2,0,1250
オーグヘルムβ,0,8,1,1,0,14,64,70,1,1,-3,1,-3,渾身,2,滅尽龍の飢餓,1,,,,,,,滅尽龍の大角,2,滅尽龍の堅殻,6,不滅の龍鱗,4,滅尽龍の宝玉,1,84,大龍脈石,1,古龍骨,2,0,1260
カイザークラウンα,0,8,0,0,0,14,64,70,3,-3,1,-3,1,力の解放,2,炎王龍の武技,1,,,,,,,炎王龍の堅殻,5,炎王龍の尖角,2,炎王龍の尻尾,2,獄炎石,1,84,大龍脈石,1,古龍骨,2,0,1270
カイザークラウンβ,0,8,2,0,0,14,64,70,3,-3,1,-3,1,力の解放,1,炎王龍の武技,1,,,,,,,炎王龍の堅殻,5,炎王龍の尖角,2,炎王龍の尻尾,2,獄炎石,1,84,大龍脈石,1,古龍骨,2,0,1280
クシャナアンクα,0,8,0,0,0,14,64,70,0,2,-3,4,-2,氷属性攻撃強化,2,匠,1,鋼龍の飛翔,1,,,,,鋼の上龍鱗,4,鋼龍の堅殻,4,鋼龍の翼,2,古龍骨,4,84,大龍脈石,1,古龍骨,2,0,1290
クシャナアンクβ,0,8,1,1,1,14,64,70,0,2,-3,4,-2,氷属性攻撃強化,2,鋼龍の飛翔,1,,,,,,,鋼の上龍鱗,4,鋼龍の堅殻,4,鋼龍の翼,2,古龍骨,4,84,大龍脈石,1,古龍骨,2,0,1300
ウルズヘルムα,0,8,0,0,0,14,64,70,-4,4,1,-1,-3,フルチャージ,1,龍属性攻撃強化,2,屍套龍の命脈,1,,,,,死屍の龍鱗,5,屍套龍の堅殻,4,屍套龍の尖爪,4,古龍骨,4,84,大龍脈石,1,古龍骨,2,0,1310
ウルズヘルムβ,0,8,1,0,0,14,64,70,-4,4,1,-1,-3,フルチャージ,1,屍套龍の命脈,1,,,,,,,死屍の龍鱗,5,屍套龍の堅殻,4,屍套龍の尖爪,4,古龍骨,4,84,大龍脈石,1,古龍骨,2,0,1320
キリンホーンα,0,8,0,0,0,14,64,70,-3,-2,4,-2,2,ランナー,2,精霊の加護,1,幻獣の恩寵,1,,,,,幻獣の上皮,3,幻獣の蒼角,1,シャムオスの上鱗,2,電撃袋,4,84,大龍脈石,1,古龍骨,2,0,1330
キリンホーンβ,0,8,1,0,0,14,64,70,-3,-2,4,-2,2,ランナー,2,幻獣の恩寵,1,,,,,,,幻獣の上皮,3,幻獣の蒼角,1,シャムオスの上鱗,2,電撃袋,4,84,大龍脈石,1,古龍骨,2,0,1340
ゼノラージヘッドα,0,8,1,0,0,16,72,78,-3,2,2,2,-4,ひるみ軽減,1,特殊射撃強化,1,冥灯龍の神秘,1,,,,,冥灯龍の幽鱗,5,冥灯龍の白殻,4,冥灯龍の幽角,2,火竜の逆鱗,1,92,大龍脈石,1,古龍骨,2,0,1350
ゼノラージヘッドβ,0,8,2,0,0,16,72,78,-3,2,2,2,-4,ひるみ軽減,1,冥灯龍の神秘,1,,,,,,,冥灯龍の幽鱗,5,冥灯龍の白殻,4,冥灯龍の幽角,2,火竜の逆鱗,1,92,大龍脈石,1,古龍骨,2,0,1360
ギルドクロスアクセα,0,8,1,0,0,15,62,68,0,0,0,0,0,精霊の加護,2,雷耐性,2,ギルドの導き,1,,,,,撃龍王のコイン,3,飛竜コイン,2,狩猟王のコイン,2,勇気の証Ｇ,1,82,大龍脈石,1,古龍骨,2,0,1370
ギルドクロスアクセβ,0,8,1,1,1,15,62,68,0,0,0,0,0,精霊の加護,2,ギルドの導き,1,,,,,,,撃龍王のコイン,3,飛竜コイン,2,狩猟王のコイン,2,勇気の証Ｇ,1,82,大龍脈石,1,古龍骨,2,0,1380
竜王の隻眼α,0,8,3,0,0,14,70,76,0,0,0,0,0,弱点特効,2,,,,,,,,,龍脈の結晶,2,勇気の証Ｇ,1,不滅の龍鱗,6,,,90,大龍脈石,1,古龍骨,2,0,1390
シーカーヘッドα,0,8,1,0,0,50,70,76,2,2,2,2,2,整備,1,採集の達人,1,調査団の導き,1,,,,,調査団チケット,1,火竜の上鱗,8,禍々しい布,2,勇気の証Ｇ,2,90,大龍脈石,1,古龍骨,2,0,1400
シーカーヘッドβ,0,8,2,0,0,50,70,76,2,2,2,2,2,整備,1,調査団の導き,1,,,,,,,調査団チケット,1,火竜の上鱗,8,禍々しい布,2,勇気の証Ｇ,2,90,大龍脈石,1,古龍骨,2,0,1410
バンギスヘルムα,0,7,1,0,0,13,58,70,1,1,-3,2,-3,破壊王,1,匠,1,,,,,,,恐暴竜の黒皮,5,恐暴竜の頭殻,2,恐暴竜の鉤爪,2,恐暴竜の宝玉,1,84,龍脈石,1,竜玉,1,0,1420
バンギスヘルムβ,0,7,3,1,0,13,58,70,1,1,-3,2,-3,破壊王,1,,,,,,,,,恐暴竜の黒皮,5,恐暴竜の頭殻,2,恐暴竜の鉤爪,2,恐暴竜の宝玉,1,84,龍脈石,1,竜玉,1,0,1430
マムガイラヘルムα,0,8,1,0,0,16,72,78,4,-2,3,-4,-2,属性解放／装填拡張,1,挑戦者,2,,,,,,,爛輝龍の金鱗,12,爛輝龍の金殻,7,爛輝龍の金巻角,6,滅尽龍の宝玉,1,92,大龍脈石,1,古龍骨,2,0,1440
マムガイラヘルムβ,0,8,2,1,0,16,72,78,4,-2,3,-4,-2,属性解放／装填拡張,1,挑戦者,1,,,,,,,爛輝龍の金鱗,12,爛輝龍の金殻,7,爛輝龍の金巻角,6,滅尽龍の宝玉,1,92,大龍脈石,1,古龍骨,2,0,1450
エンプレスセクターα,0,8,3,1,0,16,70,76,3,1,1,-3,-2,回避距離ＵＰ,2,整備,1,炎妃龍の恩寵,1,,,,,炎妃龍の上鱗,4,炎妃龍の堅殻,4,炎妃龍の翼,2,古龍骨,4,90,大龍脈石,1,古龍骨,2,0,1460
エンプレスセクターβ,0,8,3,2,0,16,70,76,3,1,1,-3,-2,回避距離ＵＰ,2,炎妃龍の恩寵,1,,,,,,,炎妃龍の上鱗,4,炎妃龍の堅殻,4,炎妃龍の翼,2,古龍骨,4,90,大龍脈石,1,古龍骨,2,0,1470
ブロッサムヘッドα,0,5,1,1,0,11,40,62,1,1,4,1,1,ハニーハンター,1,,,,,,,,,開花チケット,2,カブレライト鉱石,1,,,,,78,龍脈石のかけら,1,いにしえの龍骨,1,0,1480
ダイバーシュノα,0,5,2,0,0,11,46,68,1,4,1,1,1,ランナー,1,,,,,,,,,納涼チケット,1,カブレライト鉱石,2,上質な堅骨,1,,,84,龍脈石のかけら,1,いにしえの龍骨,1,0,1490
ハーベストフロールα,0,6,2,1,0,13,52,72,4,1,1,1,1,集中,1,,,,,,,,,豊穣チケット,1,堅竜骨,2,尖竜骨,1,,,84,龍脈石のかけら,1,鳥竜玉,1,0,1500
オリオンヘッドα,0,6,3,1,0,13,58,78,1,1,1,4,1,体力回復量ＵＰ,1,,,,,,,,,煌めきチケット,1,ユニオン鉱石,1,堅竜骨,1,,,90,龍脈石のかけら,1,鳥竜玉,1,0,1510
フルドレスハットα,0,7,2,1,1,14,64,76,1,1,1,1,4,超会心,1,アステラの祝福,1,,,,,,,感謝チケット,3,古龍骨,3,勇気の証G,2,,,90,龍脈石,1,竜玉,1,0,1520
パピオムテスタα,1,5,1,0,0,11,42,64,-1,-1,2,0,2,気絶耐性,2,防御,1,,,,,,,昆虫図鑑【夏】,1,カンタロスの堅殻,1,カブレライト鉱石,2,上質な堅骨,1,80,龍脈石のかけら,1,いにしえの龍骨,1,0,1530
パピオムテスタβ,1,5,2,0,0,11,42,64,-1,-1,2,0,2,気絶耐性,2,,,,,,,,,昆虫図鑑【夏】,1,カンタロスの堅殻,1,カブレライト鉱石,2,上質な堅骨,1,80,龍脈石のかけら,1,いにしえの龍骨,1,0,1540
クインビートテスタα,2,5,1,0,0,11,42,64,-1,-1,2,0,2,気絶耐性,2,防御,1,,,,,,,昆虫図鑑【夏】,1,カンタロスの堅殻,1,カブレライト鉱石,2,上質な堅骨,1,80,龍脈石のかけら,1,いにしえの龍骨,1,0,1550
クインビートテスタβ,2,5,2,0,0,11,42,64,-1,-1,2,0,2,気絶耐性,2,,,,,,,,,昆虫図鑑【夏】,1,カンタロスの堅殻,1,カブレライト鉱石,2,上質な堅骨,1,80,龍脈石のかけら,1,いにしえの龍骨,1,0,1560
ウルズヘルムγ,0,8,3,0,0,50,72,78,-4,4,1,-1,-3,体力回復量ＵＰ,2,龍属性攻撃強化,1,屍套龍の命脈,1,,,,,屍套龍チケット,1,死屍の龍鱗,5,屍套龍の堅殻,4,屍套龍の尖爪,4,92,大龍脈石,1,古龍骨,2,0,1570
キリンホーンγ,0,8,2,0,0,50,72,78,-3,-2,4,-2,2,属性やられ耐性,1,雷属性攻撃強化,3,幻獣の恩寵,1,,,,,幻獣チケット,1,幻獣の上皮,3,幻獣の蒼角,1,幻獣の雷尾,2,92,大龍脈石,1,古龍骨,2,0,1580
カイザークラウンγ,0,8,2,2,0,50,72,78,3,-3,1,-3,1,見切り,2,炎王龍の武技,1,,,,,,,炎王龍チケット,1,炎王龍の堅殻,5,炎龍の翼,4,炎龍の塵粉,4,92,大龍脈石,1,古龍骨,2,0,1590
クシャナアンクγ,0,8,2,0,0,50,72,78,0,2,-3,4,-2,匠,2,鋼龍の飛翔,1,,,,,,,鋼龍チケット,1,鋼龍の堅殻,5,鋼龍の尖角,3,鋼龍の宝玉,1,92,大龍脈石,1,古龍骨,2,0,1600
オーグヘルムγ,0,8,2,2,0,50,72,78,1,1,-3,1,-3,スタミナ急速回復,1,挑戦者,1,滅尽龍の飢餓,1,,,,,滅尽龍チケット,1,滅尽龍の堅殻,4,不滅の龍鱗,4,滅尽龍の再生殻,4,92,大龍脈石,1,古龍骨,2,0,1610
ゾラマグナヘッドγ,0,8,2,0,0,50,72,78,4,-3,-1,-2,-3,風圧耐性,2,見切り,2,熔山龍の奥義,1,,,,,熔山龍チケット,1,熔山龍の熱鱗,5,熔山龍の胸殻,2,熔山龍のマグマ,3,92,大龍脈石,1,古龍骨,2,0,1620
ゼノラージヘッドγ,0,8,2,1,1,50,72,78,-3,2,2,2,-4,属性やられ耐性,2,強化持続,1,冥灯龍の神秘,1,,,,,冥灯龍チケット,1,冥灯龍の白殻,4,冥灯龍の幽翼,3,冥灯龍の尻尾,2,92,大龍脈石,1,古龍骨,2,0,1630
エンプレスセクターγ,0,8,1,1,1,50,70,76,3,1,1,-3,-2,広域化,2,フルチャージ,1,炎妃龍の恩寵,1,,,,,炎妃龍チケット,1,炎妃龍の堅殻,4,炎妃龍の翼,3,炎妃龍のたてがみ,2,90,大龍脈石,1,古龍骨,2,0,1640
マムガイラヘルムγ,0,8,3,1,1,16,72,78,4,-2,3,-4,-2,強化持続,1,気絶耐性,1,,,,,,,爛輝龍の皇金塊,7,爛輝龍の金鱗,15,爛輝龍の金殻,12,爛輝龍の金巻角,8,92,大龍脈石,1,古龍骨,2,0,1650
蒼星ノ将【兜】α,0,7,3,0,0,13,56,68,2,2,0,0,3,挑戦者,1,火竜の奥義,1,,,,,,,蒼星の宝玉,1,岩賊竜の上鱗,5,岩賊竜の上皮,6,岩賊竜の顎,3,82,龍脈石,1,竜玉,1,0,1660
ダンテウィッグα,0,8,1,0,0,14,64,70,3,-3,3,-3,3,弱点特効,1,見切り,1,,,,,,,レッドオーブ,1,火竜の上鱗,5,惨爪竜の上鱗,5,蛮顎竜の上鱗,5,84,大龍脈石,1,古龍骨,2,0,1670
ドラケンアーメットα,0,8,3,1,0,16,72,78,-2,-2,3,-2,4,超会心,1,飛燕,1,竜騎士の証,1,,,,,魔獣のたてがみ,2,魔獣の堅骨,3,魔獣の大角,1,エーテルライトの欠片,3,92,大龍脈石,1,古龍骨,2,0,1680
封印の眼帯α,0,5,2,1,0,11,46,68,3,2,0,2,0,火耐性,1,,,,,,,,,黒い包帯,2,シャムオスの上鱗,7,シャムオスの上皮,5,鋭利な爪,4,84,龍脈石のかけら,1,いにしえの龍骨,1,0,1690
シャドウアイα,0,5,1,1,1,11,46,68,4,0,4,2,0,気絶耐性,1,,,,,,,,,黒い水晶チケット,3,ライトクリスタル,1,ノヴァクリスタル,1,龍脈の結晶,3,84,龍脈石のかけら,1,いにしえの龍骨,1,0,1700
クルルフェイクα,0,5,3,1,0,11,46,68,2,0,2,3,2,運搬の達人,1,,,,,,,,,掻鳥チケット,3,掻鳥の大クチバシ,1,掻鳥の大飾り羽,4,掻鳥の上皮,5,84,龍脈石のかけら,1,いにしえの龍骨,1,0,1710
ユラユラフェイクα,0,5,1,1,0,11,46,68,0,4,0,0,4,広域化,2,,,,,,,,,ユラユラチケット,3,シャムオスの上皮,4,咬魚の上皮,4,サンゴの紅骨,3,84,龍脈石のかけら,1,いにしえの龍骨,1,0,1720
爆砕の羽根飾り,0,4,0,0,0,13,32,56,0,0,0,0,0,ボマー,3,,,,,,,,,※闘技大会01～07をランクA以上,0,,,,,,,76,龍脈石のかけら,1,ユニオン鉱石,3,0,1730
龍封じのピアスα,0,7,0,0,0,15,60,72,0,0,0,0,0,龍封力強化,1,,,,,,,,,※闘技大会08～09をランクA以上,0,,,,,,,86,龍脈石,1,竜玉,1,0,1740
オリジンヘルム,0,1,0,0,0,1,6,42,0,0,0,0,0,探索者の幸運,1,,,,,,,,,※特典,0,,,,,,,72,龍脈石のかけら,1,ユニオン鉱石,3,0,1750
ガーディアンヘルムα,0,6,1,0,0,1,50,70,2,0,0,2,3,体力回復量ＵＰ,2,体力増強,1,,,,,,,※配布,0,,,,,,,82,龍脈石のかけら,1,鳥竜玉,1,0,1760
アーロイフェイスα,0,5,3,0,0,11,46,68,1,1,1,1,1,滑走強化,1,蛮顎竜の闘志,1,,,,,,,ノラ族義勇兵の証,4,蛮頭竜の上毛皮,14,蛮頭竜の大鼻骨,6,蛮頭竜の宝玉,1,84,龍脈石のかけら,1,いにしえの龍骨,1,1,1770
アーロイフェイスγ,0,8,3,0,0,50,64,70,1,1,1,1,1,超会心,2,蛮顎竜の闘志,1,,,,,,,アーロイチケット,2,恐暴竜の黒鱗,15,蛮顎竜の宝玉,1,恐暴竜の宝玉,1,84,大龍脈石,1,古龍骨,2,1,1780
リュウフェイス,0,2,0,0,0,3,12,44,2,0,5,-3,2,攻撃,1,,,,,,,,,SFVチケット,7,竜骨【中】,6,大地の結晶,6,土砂竜の甲殻,5,70,龍脈石のかけら,1,ユニオン鉱石,3,1,1790
リュウフェイスα,0,7,1,1,0,14,60,72,2,0,5,-3,2,攻撃,1,体術,1,火竜の奥義,1,,,,,SFVチケットⅡ’,4,狩猟王のコイン,5,不滅の龍鱗,6,火竜の逆鱗,1,86,龍脈石,1,竜玉,1,1,1800
さくらフェイスα,0,6,1,1,0,13,50,70,0,4,0,4,-2,攻撃,1,回避性能,1,桜火竜の奥義,1,,,,,SFVチケットⅡ,4,狩猟王のコイン,4,レイアコイン,4,桜火竜の上鱗,6,82,龍脈石のかけら,1,鳥竜玉,1,1,1810
ゲラルトフェイスα,0,8,1,1,0,16,70,76,2,1,-2,-1,3,弱点特効,2,回復速度,1,ウィッチャーの心得,1,,,,,レーシェン討伐の証,1,レーシェンの木爪,3,怪物の呪骨,4,レーシェンの樹脂,2,90,大龍脈石,1,古龍骨,2,1,1820
シリフェイスα,0,8,3,1,1,50,70,76,-2,-1,2,1,3,属性解放／装填拡張,1,回避性能,1,,,,,,,古のレーシェン討伐の証,1,レーシェンの樹爪,4,怪物の古呪骨,8,レーシェンの樹脂,10,90,大龍脈石,1,古龍骨,2,1,1830
防衛隊【兜】α,0,6,1,0,0,1,50,70,2,0,0,2,3,体力回復量ＵＰ,2,体力増強,1,,,,,,,※武具屋購入,0,,,,,,,82,龍脈石のかけら,1,鳥竜玉,1,0,1840
EXボーンヘルムα,0,9,3,0,0,M1,114,152,2,0,2,0,2,体力増強,2,破壊王,1,,,,,,,頑強な重骨,2,強竜骨,1,いびつな狂骨,1,,,172,霊脈玉のかけら,1,いにしえの巨龍骨,1,0,1850
EXボーンヘルムβ,0,9,4,0,0,M1,114,152,2,0,2,0,2,体力増強,1,破壊王,1,,,,,,,頑強な重骨,2,強竜骨,1,いびつな狂骨,1,,,172,霊脈玉のかけら,1,いにしえの巨龍骨,1,0,1860
EXアロイヘルムα,0,9,2,0,0,M1,114,152,-2,0,-2,-2,0,風圧耐性,2,防御,1,,,,,,,エルトライト鉱石,1,カブレライト鉱石,2,霊脈の結晶,1,メランジェ鉱石,1,172,霊脈玉のかけら,1,いにしえの巨龍骨,1,0,1870
EXアロイヘルムβ,0,9,4,1,0,M1,114,152,-2,0,-2,-2,0,風圧耐性,1,,,,,,,,,エルトライト鉱石,1,カブレライト鉱石,2,霊脈の結晶,1,メランジェ鉱石,1,172,霊脈玉のかけら,1,いにしえの巨龍骨,1,0,1880
EXランゴヘルムα,0,9,3,0,0,M1,116,154,-2,1,1,1,2,納刀術,1,麻痺属性強化,1,,,,,,,ランゴスタの斬羽,1,モンスターの特濃,1,頑強な重骨,1,,,174,霊脈玉のかけら,1,いにしえの巨龍骨,1,0,1890
EXランゴヘルムβ,0,9,4,1,0,M1,116,154,-2,1,1,1,2,納刀術,1,,,,,,,,,ランゴスタの斬羽,1,モンスターの特濃,1,頑強な重骨,1,,,174,霊脈玉のかけら,1,いにしえの巨龍骨,1,0,1900
EXタロスヘルムα,0,9,2,0,0,M1,116,154,-1,-1,0,0,2,弱点特効,1,龍属性攻撃強化,2,,,,,,,カンタロスの斬羽,2,モンスターの特濃,1,メランジェ鉱石,1,,,174,霊脈玉のかけら,1,いにしえの巨龍骨,1,0,1910
EXタロスヘルムβ,0,9,4,0,0,M1,116,154,-1,-1,0,0,2,弱点特効,1,龍属性攻撃強化,1,,,,,,,カンタロスの斬羽,2,モンスターの特濃,1,メランジェ鉱石,1,,,174,霊脈玉のかけら,1,いにしえの巨龍骨,1,0,1920
EXシャムゴーグルα,0,9,2,1,0,M1,116,154,2,2,0,-3,0,感知,1,地質学,2,,,,,,,シャムオスの厚鱗,2,強靭な爪,1,霊脈の結晶,2,,,174,霊脈玉のかけら,1,いにしえの巨龍骨,1,0,1930
EXシャムゴーグルβ,0,9,4,2,0,M1,116,154,2,2,0,-3,0,感知,1,地質学,1,,,,,,,シャムオスの厚鱗,2,強靭な爪,1,霊脈の結晶,2,,,174,霊脈玉のかけら,1,いにしえの巨龍骨,1,0,1940
EXガストホーンα,0,9,1,0,0,M1,116,154,3,0,0,0,0,ひるみ軽減,2,爆破やられ耐性,1,,,,,,,ガストドンの重殻,3,極上の毛皮,1,頑強な重骨,3,,,174,霊脈玉のかけら,1,いにしえの巨龍骨,1,0,1950
EXガストホーンβ,0,9,4,1,0,M1,116,154,3,0,0,0,0,ひるみ軽減,1,爆破やられ耐性,1,,,,,,,ガストドンの重殻,3,極上の毛皮,1,頑強な重骨,3,,,174,霊脈玉のかけら,1,いにしえの巨龍骨,1,0,1960
EXウルグマフラーα,0,9,2,1,0,M1,116,154,-3,2,-2,3,2,氷耐性,2,乗り名人,1,,,,,,,ウルグの厚毛皮,3,翼竜の特上皮,1,エルトライト鉱石,2,,,174,霊脈玉のかけら,1,いにしえの巨龍骨,1,0,
EXウルグマフラーβ,0,9,4,1,0,M1,116,154,-3,2,-2,3,2,氷耐性,1,乗り名人,1,,,,,,,ウルグの厚毛皮,3,翼竜の特上皮,1,エルトライト鉱石,2,,,174,霊脈玉のかけら,1,いにしえの巨龍骨,1,0,
EXジャグラスヘルムα,0,9,2,0,0,M1,116,154,-2,2,-1,-1,1,早食い,2,攻撃,2,,,,,,,賊竜の厚皮,1,賊竜の厚鱗,3,強竜骨,2,ジャグラスの厚鱗,1,174,霊脈玉のかけら,1,いにしえの巨龍骨,1,0,
EXジャグラスヘルムβ,0,9,4,1,0,M1,116,154,-2,2,-1,-1,1,早食い,1,攻撃,1,,,,,,,賊竜の厚皮,1,賊竜の厚鱗,3,強竜骨,2,ジャグラスの厚鱗,1,174,霊脈玉のかけら,1,いにしえの巨龍骨,1,0,
EXツィツィヘルムα,0,9,2,1,0,M1,116,154,0,0,-3,-2,0,属性解放／装填拡張,1,気絶耐性,1,,,,,,,眩鳥の厚皮,2,眩鳥の剛爪,1,眩鳥の輝光膜,1,シャムオスの厚鱗,2,174,霊脈玉のかけら,1,いにしえの巨龍骨,1,0,
EXツィツィヘルムβ,0,9,4,1,0,M1,116,154,0,0,-3,-2,0,属性解放／装填拡張,1,,,,,,,,,眩鳥の厚皮,2,眩鳥の剛爪,1,眩鳥の輝光膜,1,シャムオスの厚鱗,2,174,霊脈玉のかけら,1,いにしえの巨龍骨,1,0,
EXギルオスヘルムα,0,9,2,0,0,M1,116,154,0,-3,2,0,1,笛吹き名人,2,麻痺耐性,1,,,,,,,痺賊竜の厚皮,2,痺賊竜の重牙,1,濃縮麻痺袋,1,いびつな狂骨,2,174,霊脈玉のかけら,1,いにしえの巨龍骨,1,0,
EXギルオスヘルムβ,0,9,4,0,0,M1,116,154,0,-3,2,0,1,笛吹き名人,2,,,,,,,,,痺賊竜の厚皮,2,痺賊竜の重牙,1,濃縮麻痺袋,1,いびつな狂骨,2,174,霊脈玉のかけら,1,いにしえの巨龍骨,1,0,
EXガマルヘルムα,0,9,3,0,0,M1,120,158,2,0,-3,0,2,爆破やられ耐性,2,ボマー,1,,,,,,,岩賊竜の厚皮,2,岩賊竜の厚鱗,1,岩賊竜の大顎,1,メランジェ鉱石,1,178,霊脈玉のかけら,1,いにしえの巨龍骨,1,0,
EXガマルヘルムβ,0,9,4,0,0,M1,120,158,2,0,-3,0,2,爆破やられ耐性,2,,,,,,,,,岩賊竜の厚皮,2,岩賊竜の厚鱗,1,岩賊竜の大顎,1,メランジェ鉱石,1,178,霊脈玉のかけら,1,いにしえの巨龍骨,1,0,
EXクルルヘルムα,0,9,1,0,0,M1,116,154,0,-3,0,1,0,スリンガー装填数ＵＰ,2,超会心,1,,,,,,,掻鳥の厚皮,2,掻鳥の厚鱗,1,掻鳥の特大飾り羽,1,ジャグラスの厚鱗,2,174,霊脈玉のかけら,1,いにしえの巨龍骨,1,0,
EXクルルヘルムβ,0,9,4,0,0,M1,116,154,0,-3,0,1,0,スリンガー装填数ＵＰ,2,,,,,,,,,掻鳥の厚皮,2,掻鳥の厚鱗,1,掻鳥の特大飾り羽,1,ジャグラスの厚鱗,2,174,霊脈玉のかけら,1,いにしえの巨龍骨,1,0,
EXプケプケヘルムα,0,9,2,2,0,M1,118,156,0,3,-3,0,1,環境利用の知識,2,毒耐性,1,,,,,,,毒妖鳥の重殻,2,毒妖鳥の剛翼,1,毒妖鳥の特大喉袋,1,,,176,霊脈玉のかけら,1,いにしえの巨龍骨,1,0,
EXプケプケヘルムβ,0,9,4,1,1,M1,118,156,0,3,-3,0,1,環境利用の知識,2,,,,,,,,,毒妖鳥の重殻,2,毒妖鳥の剛翼,1,毒妖鳥の特大喉袋,1,,,176,霊脈玉のかけら,1,いにしえの巨龍骨,1,0,
EXプケラグーナヘルムα,0,9,1,0,0,M4,132,170,0,3,-2,-3,0,抜刀術【技】,2,アイテム使用強化,1,,,,,,,水妖鳥の重殻,3,水妖鳥の剛翼,2,水妖鳥の特大水袋,2,特大水袋,2,190,霊脈玉のかけら,1,いにしえの巨龍骨,1,0,
EXプケラグーナヘルムβ,0,9,4,0,0,M4,132,170,0,3,-2,-3,0,抜刀術【技】,1,アイテム使用強化,1,,,,,,,水妖鳥の重殻,3,水妖鳥の剛翼,2,水妖鳥の特大水袋,2,特大水袋,2,190,霊脈玉のかけら,1,いにしえの巨龍骨,1,0,
EXボロスヘルムα,0,9,2,0,0,M1,118,156,-3,-1,3,-1,0,ガード性能,2,ランナー,1,,,,,,,土砂竜の重甲,2,土砂竜の重殻,2,強竜骨,3,豊沃なドロ,1,176,霊脈玉のかけら,1,いにしえの巨龍骨,1,0,
EXボロスヘルムβ,0,9,4,1,0,M1,118,156,-3,-1,3,-1,0,ガード性能,2,,,,,,,,,土砂竜の重甲,2,土砂竜の重殻,2,強竜骨,3,豊沃なドロ,1,176,霊脈玉のかけら,1,いにしえの巨龍骨,1,0,
EXジュラヘルムα,0,9,1,1,0,M1,118,156,-1,2,-3,0,0,力の解放,2,集中,1,,,,,,,泥魚竜の重殻,1,泥魚竜の重牙,2,泥魚竜の特上ヒレ,1,咬魚の鋼ヒゲ,1,176,霊脈玉のかけら,1,いにしえの巨龍骨,1,0,
EXジュラヘルムβ,0,9,4,1,0,M1,118,156,-1,2,-3,0,0,力の解放,1,集中,1,,,,,,,泥魚竜の重殻,1,泥魚竜の重牙,2,泥魚竜の特上ヒレ,1,咬魚の鋼ヒゲ,1,176,霊脈玉のかけら,1,いにしえの巨龍骨,1,0,
EXブランヘルムα,0,9,2,0,0,M1,118,156,-3,0,-2,3,2,水場・深雪適応,2,耳栓,1,,,,,,,凍魚竜の重殻,2,凍魚竜の厚鱗,2,凍魚竜の特上ヒレ,1,,,176,霊脈玉のかけら,1,いにしえの巨龍骨,1,0,
EXブランヘルムβ,0,9,4,1,0,M1,118,156,-3,0,-2,3,2,水場・深雪適応,2,,,,,,,,,凍魚竜の重殻,2,凍魚竜の厚鱗,2,凍魚竜の特上ヒレ,1,,,176,霊脈玉のかけら,1,いにしえの巨龍骨,1,0,
EXカガチヘルムα,0,9,2,0,0,M1,120,158,0,-3,3,0,0,体術,2,回避距離ＵＰ,1,,,,,,,飛雷竜の厚毛皮,2,飛雷竜の雷光針,2,飛雷竜の剛爪,1,モンスターの特濃,3,178,霊脈玉のかけら,1,いにしえの巨龍骨,1,0,
EXカガチヘルムβ,0,9,4,1,0,M1,120,158,0,-3,3,0,0,体術,1,回避距離ＵＰ,1,,,,,,,飛雷竜の厚毛皮,2,飛雷竜の雷光針,2,飛雷竜の剛爪,1,モンスターの特濃,3,178,霊脈玉のかけら,1,いにしえの巨龍骨,1,0,
EXベニカガチヘルムα,0,9,1,0,0,M3,132,148,1,3,-3,-2,1,回避距離ＵＰ,2,麻痺属性強化,1,,,,,,,飛毒竜の厚毛皮,3,飛毒竜の猛毒針,2,飛毒竜の剛爪,1,ウルグの厚毛皮,2,190,霊脈玉のかけら,1,いにしえの巨龍骨,1,0,
EXベニカガチヘルムβ,0,9,4,0,0,M3,132,148,1,3,-3,-2,1,回避距離ＵＰ,1,麻痺属性強化,1,,,,,,,飛毒竜の厚毛皮,3,飛毒竜の猛毒針,2,飛毒竜の剛爪,1,ウルグの厚毛皮,2,190,霊脈玉のかけら,1,いにしえの巨龍骨,1,0,
EXハイメタヘルムα,0,9,2,0,0,M1,128,166,0,-1,-2,3,0,氷耐性,2,耳栓,2,,,,,,,デプスライト鉱石,1,メランジェ鉱石,2,エルトライト鉱石,2,強靭な爪,1,186,霊脈玉のかけら,1,いにしえの巨龍骨,1,0,
EXハイメタヘルムβ,0,9,4,1,0,M1,128,166,0,-1,-2,3,0,氷耐性,2,耳栓,1,,,,,,,デプスライト鉱石,1,メランジェ鉱石,2,エルトライト鉱石,2,強靭な爪,1,186,霊脈玉のかけら,1,いにしえの巨龍骨,1,0,
EXバフバロヘルムα,0,9,2,0,0,M3,130,168,-2,2,-1,3,-3,逆恨み,2,キノコ大好き,1,,,,,,,猛牛竜の重甲,2,猛牛竜の巨大な角,1,ガウシカの角,2,,,178,霊脈玉のかけら,1,いにしえの巨龍骨,1,0,
EXバフバロヘルムβ,0,9,4,1,0,M3,130,168,-2,2,-1,3,-3,逆恨み,2,,,,,,,,,猛牛竜の重甲,2,猛牛竜の巨大な角,1,ガウシカの角,2,,,178,霊脈玉のかけら,1,いにしえの巨龍骨,1,0,
EXジャナフヘルムα,0,9,3,0,0,M4,132,170,3,-3,-1,-1,0,火属性攻撃強化,2,火耐性,1,蛮顎竜の覇気,1,,,,,蛮顎竜の厚毛皮,2,蛮顎竜の厚鱗,2,蛮顎竜の靭尾,1,業炎袋,3,190,霊脈玉のかけら,1,いにしえの巨龍骨,1,0,
EXジャナフヘルムβ,0,9,4,0,0,M4,132,170,3,-3,-1,-1,0,火属性攻撃強化,2,蛮顎竜の覇気,1,,,,,,,蛮顎竜の厚毛皮,2,蛮顎竜の厚鱗,2,蛮顎竜の靭尾,1,業炎袋,3,190,霊脈玉のかけら,1,いにしえの巨龍骨,1,0,
EXジャナールヘルムα,0,11,2,1,0,M13,146,170,-1,-1,2,-3,0,弱点特効,1,死中に活,1,蛮顎竜の覇気,1,,,,,雷顎竜の厚毛皮,3,雷顎竜の厚鱗,2,雷顎竜の靭尾,1,雷電袋,3,190,霊脈玉,1,大竜玉,1,0,
EXジャナールヘルムβ,0,11,4,2,0,M13,146,170,-1,-1,2,-3,0,弱点特効,1,蛮顎竜の覇気,1,,,,,,,雷顎竜の厚毛皮,3,雷顎竜の厚鱗,2,雷顎竜の靭尾,1,雷電袋,3,190,霊脈玉,1,大竜玉,1,0,
EXレイアヘルムα,0,9,3,0,0,M4,130,168,2,0,-2,0,-3,体力増強,2,毒属性強化,1,雌火竜の真髄,1,,,,,雌火竜の重殻,2,雌火竜の厚鱗,2,雌火竜の厚翼膜,2,,,188,霊脈玉のかけら,1,いにしえの巨龍骨,1,0,
EXレイアヘルムβ,0,9,4,0,0,M4,130,168,2,0,-2,0,-3,体力増強,1,毒属性強化,1,雌火竜の真髄,1,,,,,雌火竜の重殻,2,雌火竜の厚鱗,2,雌火竜の厚翼膜,2,,,188,霊脈玉のかけら,1,いにしえの巨龍骨,1,0,
EXリオハートヘルムα,0,9,3,0,0,M6,132,170,3,0,-3,0,-4,回避距離ＵＰ,2,クライマー,1,雌火竜の真髄,1,,,,,桜火竜の重殻,3,桜火竜の厚鱗,1,雌火竜の厚翼膜,2,モンスターの特濃,2,190,霊脈玉のかけら,1,いにしえの巨龍骨,1,0,
EXリオハートヘルムβ,0,9,4,1,0,M6,132,170,3,0,-3,0,-4,回避距離ＵＰ,2,雌火竜の真髄,1,,,,,,,桜火竜の重殻,3,桜火竜の厚鱗,1,雌火竜の厚翼膜,2,モンスターの特濃,2,190,霊脈玉のかけら,1,いにしえの巨龍骨,1,0,
EXウルムーヘルムα,0,9,3,0,0,M4,130,168,-3,2,0,1,0,スタミナ急速回復,2,風圧耐性,1,,,,,,,浮空竜の厚毛皮,2,浮空竜の厚鱗,2,ゴム質の重殻,2,,,188,霊脈玉のかけら,1,いにしえの巨龍骨,1,0,
EXウルムーヘルムβ,0,9,4,1,0,M4,130,168,-3,2,0,1,0,スタミナ急速回復,2,,,,,,,,,浮空竜の厚毛皮,2,浮空竜の厚鱗,2,ゴム質の重殻,2,,,188,霊脈玉のかけら,1,いにしえの巨龍骨,1,0,
EXウルムメアヘルムα,0,9,1,1,0,M4,132,170,-3,-3,2,1,1,弱点特効,1,広域化,1,,,,,,,浮眠竜の厚毛皮,2,浮眠竜の厚鱗,1,ゴム質の重殻,3,,,190,霊脈玉のかけら,1,いにしえの巨龍骨,1,0,
EXウルムメアヘルムβ,0,9,4,0,0,M4,132,170,-3,-3,2,1,1,弱点特効,1,,,,,,,,,浮眠竜の厚毛皮,2,浮眠竜の厚鱗,1,ゴム質の重殻,3,,,190,霊脈玉のかけら,1,いにしえの巨龍骨,1,0,
EXバルキンヘルムα,0,9,1,1,0,M4,134,172,0,2,0,-1,-2,耐震,2,ＫＯ術,1,,,,,,,骨鎚竜の重殻,2,骨鎚竜の厚鱗,1,大竜骨塊,2,モンスターの特濃,3,192,霊脈玉のかけら,1,いにしえの巨龍骨,1,0,
EXバルキンヘルムβ,0,9,4,0,0,M4,134,172,0,2,0,-1,-2,耐震,2,,,,,,,,,骨鎚竜の重殻,2,骨鎚竜の厚鱗,1,大竜骨塊,2,モンスターの特濃,3,192,霊脈玉のかけら,1,いにしえの巨龍骨,1,0,
EXアーティアヘルムα,0,10,2,0,0,,142,174,1,-2,-2,2,3,スリンガー装填数ＵＰ,2,属性解放／装填拡張,1,太古の神秘,1,,,,,太古の破片,2,強竜骨,2,メランジェ鉱石,3,激烈毒袋,4,194,霊脈玉,1,ピュアクリスタル,2,0,
EXアーティアヘルムβ,0,10,4,1,0,,142,174,1,-2,-2,2,3,スリンガー装填数ＵＰ,1,属性解放／装填拡張,1,太古の神秘,1,,,,,太古の破片,2,強竜骨,2,メランジェ鉱石,3,激烈毒袋,4,194,霊脈玉,1,ピュアクリスタル,2,0,
EXアークロックヘルムα,0,10,1,1,0,,142,174,2,2,2,-1,-1,挑戦者,2,破壊王,1,調査団の錬金術,1,,,,,スチームチケット,2,重竜骨,3,エルトライト鉱石,5,いにしえの巨龍骨,1,194,霊脈玉,1,ピュアクリスタル,2,0,
EXアークロックヘルムβ,0,10,4,1,0,,142,174,2,2,2,-1,-1,挑戦者,1,破壊王,1,調査団の錬金術,1,,,,,スチームチケット,2,重竜骨,3,エルトライト鉱石,5,いにしえの巨龍骨,1,194,霊脈玉,1,ピュアクリスタル,2,0,
EXインゴットヘルムα,0,10,2,0,0,M6,136,168,-2,0,3,-1,0,雷属性攻撃強化,2,風圧耐性,1,,,,,,,メランジェ鉱石,2,重竜骨,1,エルトライト鉱石,5,,,188,霊脈玉,1,ピュアクリスタル,2,0,
EXインゴットヘルムβ,0,10,4,2,0,M6,136,168,-2,0,3,-1,0,雷属性攻撃強化,2,,,,,,,,,メランジェ鉱石,2,重竜骨,1,エルトライト鉱石,5,,,188,霊脈玉,1,ピュアクリスタル,2,0,
EXベリオヘルムα,0,10,1,1,0,M6,138,170,-3,2,-2,3,0,回避距離ＵＰ,2,強化持続,1,氷牙竜の秘技,1,,,,,氷牙竜の厚毛皮,2,琥珀色の重牙,1,氷牙竜の重棘,3,ウルグの厚毛皮,2,190,霊脈玉,1,ピュアクリスタル,2,0,
EXベリオヘルムβ,0,10,4,1,0,M6,138,170,-3,2,-2,3,0,回避距離ＵＰ,1,強化持続,1,氷牙竜の秘技,1,,,,,氷牙竜の厚毛皮,2,琥珀色の重牙,1,氷牙竜の重棘,3,ウルグの厚毛皮,2,190,霊脈玉,1,ピュアクリスタル,2,0,
EXレウスヘルムα,0,10,2,0,0,M7,140,172,3,1,-2,1,-3,攻撃,2,火属性攻撃強化,2,火竜の真髄,1,,,,,火竜の重殻,2,火竜の厚鱗,4,火竜の剛翼爪,2,火竜の延髄,2,192,霊脈玉,1,ピュアクリスタル,2,0,
EXレウスヘルムβ,0,10,4,1,0,M7,140,172,3,1,-2,1,-3,攻撃,2,火竜の真髄,1,,,,,,,火竜の重殻,2,火竜の厚鱗,4,火竜の剛翼爪,2,火竜の延髄,2,192,霊脈玉,1,ピュアクリスタル,2,0,
EXリオソウルヘルムα,0,11,1,1,0,M13,148,172,3,2,2,-3,-4,超会心,1,クライマー,1,火竜の真髄,1,,,,,蒼火竜の重殻,3,蒼火竜の厚鱗,2,火竜の剛翼爪,2,重竜骨,5,192,霊脈玉,1,大竜玉,1,0,
EXリオソウルヘルムβ,0,11,4,0,0,M13,148,172,3,2,2,-3,-4,超会心,1,火竜の真髄,1,,,,,,,蒼火竜の重殻,3,蒼火竜の厚鱗,2,火竜の剛翼爪,2,重竜骨,5,192,霊脈玉,1,大竜玉,1,0,
EXディアブロヘルムα,0,10,2,0,0,M7,140,180,3,-2,0,-3,2,抜刀術【技】,2,ＫＯ術,1,角竜の覇気,1,,,,,角竜の重甲,2,角竜の重殻,1,堅牢なねじれた角,1,大竜玉,1,192,霊脈玉,1,ピュアクリスタル,2,0,
EXディアブロヘルムβ,0,10,4,0,0,M7,140,180,3,-2,0,-3,2,抜刀術【技】,2,角竜の覇気,1,,,,,,,角竜の重甲,2,角竜の重殻,1,堅牢なねじれた角,1,大竜玉,1,192,霊脈玉,1,ピュアクリスタル,2,0,
EXディアネロヘルムα,0,11,1,1,0,M13,148,172,2,-3,0,-4,2,破壊王,2,逆恨み,1,角竜の覇気,1,,,,,黒角竜の重甲,3,黒角竜の重殻,2,堅牢な黒巻き角,1,剛竜骨,2,192,霊脈玉,1,大竜玉,1,0,
EXディアネロヘルムβ,0,11,4,1,0,M13,148,172,2,-3,0,-4,2,破壊王,2,角竜の覇気,1,,,,,,,黒角竜の重甲,3,黒角竜の重殻,2,堅牢な黒巻き角,1,剛竜骨,2,192,霊脈玉,1,大竜玉,1,0,
EXギエナヘルムα,0,10,2,0,0,M7,140,170,-1,2,-3,3,0,精霊の加護,2,氷属性攻撃強化,2,風漂竜の覇気,1,,,,,風漂竜の厚皮,2,風漂竜の厚鱗,2,風漂竜の剛翼,1,シャムオスの厚鱗,3,192,霊脈玉,1,ピュアクリスタル,2,0,
EXギエナヘルムβ,0,10,4,1,0,M7,140,170,-1,2,-3,3,0,精霊の加護,2,風漂竜の覇気,1,,,,,,,風漂竜の厚皮,2,風漂竜の厚鱗,2,風漂竜の剛翼,1,シャムオスの厚鱗,3,192,霊脈玉,1,ピュアクリスタル,2,0,
EXブリーナヘルムα,0,11,1,1,1,M12,146,170,-3,2,-1,3,0,腹減り耐性,2,回避距離ＵＰ,1,風漂竜の覇気,1,,,,,氷霜をまとう皮,3,風漂竜の厚鱗,2,漆黒の氷刃爪,1,グラシスメタル,5,190,霊脈玉,1,大竜玉,1,0,
EXブリーナヘルムβ,0,11,4,1,0,M12,146,170,-3,2,-1,3,0,腹減り耐性,2,風漂竜の覇気,1,,,,,,,氷霜をまとう皮,3,風漂竜の厚鱗,2,漆黒の氷刃爪,1,グラシスメタル,5,190,霊脈玉,1,大竜玉,1,0,
EXガロンヘルムα,0,10,2,0,0,M7,140,172,2,2,-2,-3,0,裂傷耐性,2,見切り,2,惨爪竜の真髄,1,,,,,惨爪竜の強硬筋,2,惨爪竜の厚鱗,1,惨爪竜の重牙,1,いびつな狂骨,3,192,霊脈玉,1,ピュアクリスタル,2,0,
EXガロンヘルムβ,0,10,4,0,0,M7,140,172,2,2,-2,-3,0,裂傷耐性,2,見切り,1,惨爪竜の真髄,1,,,,,惨爪竜の強硬筋,2,惨爪竜の厚鱗,1,惨爪竜の重牙,1,いびつな狂骨,3,192,霊脈玉,1,ピュアクリスタル,2,0,
EXデスガロンヘルムα,0,11,3,0,0,M14,148,172,-2,-3,-2,-2,4,力の解放,2,整備,1,惨爪竜の真髄,1,,,,,兇爪竜の強硬筋,3,兇爪竜の剛爪,3,兇爪竜の靭尾,1,兇爪竜の天鱗,1,192,霊脈玉,1,大竜玉,1,0,
EXデスガロンヘルムβ,0,11,4,2,0,M14,148,172,-2,-3,-2,-2,4,力の解放,2,惨爪竜の真髄,1,,,,,,,兇爪竜の強硬筋,3,兇爪竜の剛爪,3,兇爪竜の靭尾,1,兇爪竜の天鱗,1,192,霊脈玉,1,大竜玉,1,0,
EXラヴァヘルムα,0,10,1,1,0,M7,140,172,3,-3,1,-2,2,火属性攻撃強化,2,納刀術,1,,,,,,,溶岩竜の重殻,2,溶岩竜の厚鱗,2,溶岩竜の重牙,1,ガストドンの重殻,3,192,霊脈玉,1,ピュアクリスタル,2,0,
EXラヴァヘルムβ,0,10,4,1,0,M7,140,172,3,-3,1,-2,2,火属性攻撃強化,1,納刀術,1,,,,,,,溶岩竜の重殻,2,溶岩竜の厚鱗,2,溶岩竜の重牙,1,ガストドンの重殻,3,192,霊脈玉,1,ピュアクリスタル,2,0,
EXガンキンヘルムα,0,10,2,1,0,M7,144,176,4,-3,1,-2,-2,爆破やられ耐性,2,ひるみ軽減,1,爆鎚竜の覇気,1,,,,,爆鎚竜の重殻,2,爆鎚竜の厚鱗,2,爆鎚竜の重耐熱殻,1,獄炎石,2,196,霊脈玉,1,ピュアクリスタル,2,0,
EXガンキンヘルムβ,0,10,4,3,0,M7,144,176,4,-3,1,-2,-2,爆破やられ耐性,2,爆鎚竜の覇気,1,,,,,,,爆鎚竜の重殻,2,爆鎚竜の厚鱗,2,爆鎚竜の重耐熱殻,1,獄炎石,2,196,霊脈玉,1,ピュアクリスタル,2,0,
EXナルガヘルムα,0,10,1,1,0,M7,140,172,-2,2,-3,0,0,フルチャージ,2,貫通弾・竜の一矢強化,1,迅竜の真髄,1,,,,,迅竜の豪黒毛,2,迅竜の重牙,1,迅竜の重尾棘,2,咬魚の鋼ヒゲ,2,192,霊脈玉,1,ピュアクリスタル,2,0,
EXナルガヘルムβ,0,10,4,1,0,M7,140,172,-2,2,-3,0,0,フルチャージ,1,貫通弾・竜の一矢強化,1,迅竜の真髄,1,,,,,迅竜の豪黒毛,2,迅竜の重牙,1,迅竜の重尾棘,2,咬魚の鋼ヒゲ,2,192,霊脈玉,1,ピュアクリスタル,2,0,
EXディノヘルムα,0,10,1,0,0,M7,142,174,3,-3,1,-1,-1,集中,2,匠,1,斬竜の真髄,1,,,,,斬竜の重殻,2,斬竜の重牙,2,斬竜の獄炎状殻,1,斬竜の天鱗,1,194,霊脈玉,1,ピュアクリスタル,2,0,
EXディノヘルムβ,0,10,4,0,0,M7,142,174,3,-3,1,-1,-1,集中,1,匠,1,斬竜の真髄,1,,,,,斬竜の重殻,2,斬竜の重牙,2,斬竜の獄炎状殻,1,斬竜の天鱗,1,194,霊脈玉,1,ピュアクリスタル,2,0,
EXディノイエロヘルムα,0,11,1,0,0,M14,150,174,-3,2,-1,2,-1,渾身,2,瘴気耐性,2,斬竜の真髄,1,,,,,硫斬竜の重殻,3,硫斬竜の厚鱗,2,硫斬竜の剣山状殻,3,削られた硫晶片,3,194,霊脈玉,1,大竜玉,1,0,
EXディノイエロヘルムβ,0,11,4,0,0,M14,150,174,-3,2,-1,2,-1,渾身,1,瘴気耐性,2,斬竜の真髄,1,,,,,硫斬竜の重殻,3,硫斬竜の厚鱗,2,硫斬竜の剣山状殻,3,削られた硫晶片,3,194,霊脈玉,1,大竜玉,1,0,
EXブラキヘルムα,0,10,3,0,0,M9,142,174,3,-2,1,-3,1,挑戦者,2,砲弾装填数ＵＰ,1,砕竜の真髄,1,,,,,砕竜の重黒曜甲,2,砕竜の重殻,1,砕竜の重頭殻,2,砕竜の天殻,1,194,霊脈玉,1,ピュアクリスタル,2,0,
EXブラキヘルムβ,0,10,4,1,0,M9,142,174,3,-2,1,-3,1,挑戦者,2,砕竜の真髄,1,,,,,,,砕竜の重黒曜甲,2,砕竜の重殻,1,砕竜の重頭殻,2,砕竜の天殻,1,194,霊脈玉,1,ピュアクリスタル,2,0,
EXレックスヘルムα,0,10,1,0,0,M9,142,174,2,0,-3,0,-2,攻撃,2,耳栓,2,轟竜の真髄,1,,,,,轟竜の重殻,2,轟竜の重牙,1,轟竜の剛爪,1,大竜玉,1,194,霊脈玉,1,ピュアクリスタル,2,0,
EXレックスヘルムβ,0,10,4,0,0,M9,142,174,2,0,-3,0,-2,攻撃,2,耳栓,1,轟竜の真髄,1,,,,,轟竜の重殻,2,轟竜の重牙,1,轟竜の剛爪,1,大竜玉,1,194,霊脈玉,1,ピュアクリスタル,2,0,
EXレックスロアヘルムα,0,11,3,0,0,M70,156,182,3,-4,-2,0,0,攻撃,3,満足感,1,轟竜の真髄,1,,,,,黒轟竜の重殻,3,黒轟竜の厚鱗,2,黒轟竜の重牙,2,ゆがんだ結晶,5,200,霊脈玉,1,大竜玉,1,0,
EXレックスロアヘルムβ,0,11,4,0,0,M70,156,182,3,-4,-2,0,0,攻撃,2,満足感,1,轟竜の真髄,1,,,,,黒轟竜の重殻,3,黒轟竜の厚鱗,2,黒轟竜の重牙,2,ゆがんだ結晶,5,200,霊脈玉,1,大竜玉,1,0,
EXクロオビヘルムα,0,11,3,0,0,,150,174,1,1,1,1,2,ランナー,2,キノコ大好き,1,教官の導き,1,,,,,クロオビコイン,2,ガロンコイン,3,コルトスの剛爪,3,,,194,霊脈玉,1,大竜玉,1,0,
EXクロオビヘルムβ,0,11,4,2,0,,150,174,1,1,1,1,2,ランナー,2,教官の導き,1,,,,,,,クロオビコイン,2,ガロンコイン,3,コルトスの剛爪,3,,,194,霊脈玉,1,大竜玉,1,0,
EXドーベルヘルムα,0,11,1,0,0,M17,152,176,-2,0,-1,-1,4,属性解放／装填拡張,2,スタミナ急速回復,1,,,,,,,太古龍骨,2,頑強な重骨,3,爆鎚竜の重耐熱殻,1,大竜玉,1,196,霊脈玉,1,大竜玉,1,0,
EXドーベルヘルムβ,0,11,4,0,0,M17,152,176,-2,0,-1,-1,4,属性解放／装填拡張,2,,,,,,,,,太古龍骨,2,頑強な重骨,3,爆鎚竜の重耐熱殻,1,大竜玉,1,196,霊脈玉,1,大竜玉,1,0,
EXダマスクヘルムα,0,11,3,0,0,M17,152,176,4,-2,0,0,0,防御,3,砥石使用高速化,2,,,,,,,古龍の浄血,2,メランジェ鉱石,3,浮空竜の剛翼,1,グラシスメタル,1,196,霊脈玉,1,大竜玉,1,0,
EXダマスクヘルムβ,0,11,4,1,1,M17,152,176,4,-2,0,0,0,防御,3,,,,,,,,,古龍の浄血,2,メランジェ鉱石,3,浮空竜の剛翼,1,グラシスメタル,1,196,霊脈玉,1,大竜玉,1,0,
EXプライドヘルムα,0,11,2,1,0,M18,154,178,3,1,-2,-4,-2,耳栓,2,爆破属性強化,2,爆鱗竜の覇気,1,,,,,紅蓮にゆれる銀殻,3,凝縮された爆腺液,2,天を焦がす銀翼,3,爆鱗竜の天鱗,1,198,霊脈玉,1,大竜玉,1,0,
EXプライドヘルムβ,0,11,4,1,0,M18,154,178,3,1,-2,-4,-2,耳栓,2,爆破属性強化,1,爆鱗竜の覇気,1,,,,,紅蓮にゆれる銀殻,3,凝縮された爆腺液,2,天を焦がす銀翼,3,爆鱗竜の天鱗,1,196,霊脈玉,1,大竜玉,1,0,
EXグリードヘルムα,0,11,1,0,0,M21,156,180,2,1,-3,1,-3,破壊王,1,匠,2,恐暴竜の真髄,1,,,,,恐暴竜の厚黒皮,3,恐暴竜の厚黒鱗,2,極悪な牙,2,兇爪竜の天鱗,1,200,霊脈玉,1,大竜玉,1,0,
EXグリードヘルムβ,0,11,4,3,0,M21,156,180,2,1,-3,1,-3,破壊王,1,恐暴竜の真髄,1,,,,,,,恐暴竜の厚黒皮,3,恐暴竜の厚黒鱗,2,極悪な牙,2,兇爪竜の天鱗,1,200,霊脈玉,1,大竜玉,1,0,
EXラヴィーナヘルムα,0,12,3,2,0,M17,154,178,-3,2,-1,4,-1,精霊の加護,2,災禍転福,1,冰龍の神秘,1,,,,,冰龍の重殻,3,冰龍の厚龍鱗,2,冰龍の冠角,1,太古龍骨,3,192,大霊脈玉,1,古龍の浄血,2,0,
EXラヴィーナヘルムβ,0,12,4,2,0,M17,154,178,-3,2,-1,4,-1,精霊の加護,2,冰龍の神秘,1,,,,,,,冰龍の重殻,3,冰龍の厚龍鱗,2,冰龍の冠角,1,太古龍骨,3,192,大霊脈玉,1,古龍の浄血,2,0,
EXヴァルファーヘルムα,0,12,1,0,0,M19,156,180,-2,4,1,1,-3,フルチャージ,2,龍属性攻撃強化,2,屍套龍の霊脈,1,,,,,屍套龍の重殻,3,闇を食む牙,1,屍套龍の剛爪,3,古龍の大宝玉,1,194,大霊脈玉,1,古龍の浄血,2,0,
EXヴァルファーヘルムβ,0,12,4,1,0,M19,156,180,-2,4,1,1,-3,フルチャージ,2,屍套龍の霊脈,1,,,,,,,屍套龍の重殻,3,闇を食む牙,1,屍套龍の剛爪,3,古龍の大宝玉,1,194,大霊脈玉,1,古龍の浄血,2,0,
EXカイザークラウンα,0,12,1,0,0,M19,156,180,3,-3,1,-3,1,力の解放,2,見切り,2,炎王龍の武技,1,,,,,炎王龍の重殻,3,炎王龍の大たてがみ,2,炎王龍の剛角,2,古龍の大宝玉,1,194,大霊脈玉,1,古龍の浄血,2,0,
EXカイザークラウンβ,0,12,4,0,0,M19,156,180,3,-3,1,-3,1,力の解放,1,見切り,2,炎王龍の武技,1,,,,,炎王龍の重殻,3,炎王龍の大たてがみ,2,炎王龍の剛角,2,古龍の大宝玉,1,194,大霊脈玉,1,古龍の浄血,2,0,
EXクシャナアンクα,0,12,2,0,0,M19,156,180,0,2,-3,4,-2,氷属性攻撃強化,2,回避性能,2,鋼龍の飛翔,1,,,,,鋼龍の重殻,4,鋼の厚龍鱗,3,鋼龍の剛爪,1,大竜玉,1,194,大霊脈玉,1,古龍の浄血,2,0,
EXクシャナアンクβ,0,12,4,1,0,M19,156,180,0,2,-3,4,-2,氷属性攻撃強化,2,回避性能,1,鋼龍の飛翔,1,,,,,鋼龍の重殻,4,鋼の厚龍鱗,3,鋼龍の剛爪,1,大竜玉,1,194,大霊脈玉,1,古龍の浄血,2,0,
EXキリンホーンα,0,12,3,1,0,M19,154,172,-3,-2,4,-2,2,ランナー,2,精霊の加護,2,幻獣の神秘,1,,,,,幻獣の銀たてがみ,3,幻獣の特上皮,1,幻獣の剛蒼角,2,斬竜の天鱗,1,192,大霊脈玉,1,古龍の浄血,2,0,
EXキリンホーンβ,0,12,4,1,1,M19,154,172,-3,-2,4,-2,2,ランナー,2,幻獣の神秘,1,,,,,,,幻獣の銀たてがみ,3,幻獣の特上皮,1,幻獣の剛蒼角,2,斬竜の天鱗,1,192,大霊脈玉,1,古龍の浄血,2,0,
EXテンタクルヘルムα,0,12,1,0,0,M20,158,176,-3,4,3,0,-2,体術,3,渾身,1,溟龍の神秘,1,,,,,溟龍の特上皮,2,溟龍の剛爪,3,太古龍骨,5,爆鎚竜の天殻,1,196,大霊脈玉,1,古龍の浄血,2,0,
EXテンタクルヘルムβ,0,12,4,0,0,M20,158,176,-3,4,3,0,-2,体術,2,渾身,1,溟龍の神秘,1,,,,,溟龍の特上皮,2,溟龍の剛爪,3,太古龍骨,5,爆鎚竜の天殻,1,196,大霊脈玉,1,古龍の浄血,2,0,
EXギルドパレスヘルムα,0,11,3,0,0,M70,154,178,1,2,2,1,1,体力増強,2,攻めの守勢,1,ギルドの見識,1,,,,,英雄王のコイン,1,レックスコイン,2,クロオビコイン,2,冰龍の冠角,2,194,霊脈玉,1,大竜玉,1,0,
EXギルドパレスヘルムβ,0,11,4,2,0,M70,154,178,1,2,2,1,1,体力増強,2,ギルドの見識,1,,,,,,,英雄王のコイン,1,レックスコイン,2,クロオビコイン,2,冰龍の冠角,2,194,霊脈玉,1,大竜玉,1,0,
EXアンガルダヘルムα,0,12,3,1,0,M23,162,180,0,-2,3,-3,0,体力回復量ＵＰ,2,破壊王,1,地啼龍の神秘,1,,,,,地啼龍の厳岩殻,4,地啼龍の慈鱗,3,地啼龍の慈眼殻,1,雌火竜の天鱗,1,200,大霊脈玉,1,古龍の浄血,2,0,
EXアンガルダヘルムβ,0,12,4,2,0,M23,162,180,0,-2,3,-3,0,体力回復量ＵＰ,2,地啼龍の神秘,1,,,,,,,地啼龍の厳岩殻,4,地啼龍の慈鱗,3,地啼龍の慈眼殻,1,雌火竜の天鱗,1,200,大霊脈玉,1,古龍の浄血,2,0,
EXゾラマグナヘッドα,0,12,2,2,0,M24,160,178,4,-3,-1,-2,-3,ひるみ軽減,1,砲術,2,熔山龍の真髄,1,,,,,龍脈の強竜骨,2,ひび割れた結晶,3,風化した岩骨,3,覇王の証,1,198,大霊脈玉,1,古龍の浄血,2,0,
EXゾラマグナヘッドβ,0,12,4,2,1,M24,160,178,4,-3,-1,-2,-3,ひるみ軽減,1,熔山龍の真髄,1,,,,,,,龍脈の強竜骨,2,ひび割れた結晶,3,風化した岩骨,3,覇王の証,1,198,大霊脈玉,1,古龍の浄血,2,0,
EXガルルガヘルムα,0,11,3,0,0,M24,154,178,2,-3,2,-2,-2,見切り,2,逆恨み,1,,,,,,,黒狼鳥の重殻,2,黒狼鳥の銀狼毛,2,イカしたクチバシ,1,朽ちた結晶,3,198,霊脈玉,1,大竜玉,1,0,
EXガルルガヘルムβ,0,11,4,2,0,M24,154,178,2,-3,2,-2,-2,見切り,1,逆恨み,1,,,,,,,黒狼鳥の重殻,2,黒狼鳥の銀狼毛,2,イカしたクチバシ,1,朽ちた結晶,3,198,霊脈玉,1,大竜玉,1,0,
EXジンオウヘルムα,0,11,1,0,0,M24,158,182,-1,-1,4,-4,1,強化持続,2,超会心,1,雷狼竜の真髄,1,,,,,雷狼竜の雷電毛,3,雷狼竜の雷電殻,2,雷狼竜の剛角,2,雷狼竜の天玉,1,202,霊脈玉,1,大竜玉,1,0,
EXジンオウヘルムβ,0,11,4,0,0,M24,158,182,-1,-1,4,-4,1,強化持続,1,超会心,1,雷狼竜の真髄,1,,,,,雷狼竜の雷電毛,3,雷狼竜の雷電殻,2,雷狼竜の剛角,2,雷狼竜の天玉,1,202,霊脈玉,1,大竜玉,1,0,
EXギルドワークヘッドα,0,12,3,2,0,M24,162,180,2,1,1,2,2,植生学,3,ハニーハンター,1,ギルドの見識,1,,,,,調査団チケットG,1,森林の結晶,2,深緑の大骨,2,スチームチケット,1,200,大霊脈玉,1,古龍の浄血,2,0,
EXギルドワークヘッドβ,0,12,4,3,0,M24,162,180,2,1,1,2,2,植生学,2,ハニーハンター,1,ギルドの見識,1,,,,,調査団チケットG,1,森林の結晶,2,深緑の大骨,2,スチームチケット,1,200,大霊脈玉,1,古龍の浄血,2,0,
EXゴールドルナヘルムα,0,12,2,2,0,M70,162,180,3,-2,-4,0,4,体力増強,2,毒属性強化,2,金火竜の真髄,1,,,,,金火竜の重殻,4,金火竜の厚鱗,2,火竜の煌液,1,大竜玉,1,200,大霊脈玉,1,古龍の浄血,2,0,
EXゴールドルナヘルムβ,0,12,4,2,0,M70,162,180,3,-2,-4,0,4,体力増強,2,金火竜の真髄,1,,,,,,,金火竜の重殻,4,金火竜の厚鱗,2,火竜の煌液,1,大竜玉,1,200,大霊脈玉,1,古龍の浄血,2,0,
EXシルバーソルヘルムα,0,12,2,2,0,M70,162,180,4,-3,-2,-2,3,風圧耐性,2,火属性攻撃強化,2,銀火竜の真髄,1,,,,,銀火竜の重殻,4,銀火竜の厚鱗,3,銀火竜の剛翼,2,火竜の天鱗,1,200,大霊脈玉,1,古龍の浄血,2,0,
EXシルバーソルヘルムβ,0,12,4,3,0,M70,162,180,4,-3,-2,-2,3,風圧耐性,2,銀火竜の真髄,1,,,,,,,銀火竜の重殻,4,銀火竜の厚鱗,3,銀火竜の剛翼,2,火竜の天鱗,1,200,大霊脈玉,1,古龍の浄血,2,0,
EXエンプレスセクターα,0,12,3,0,0,M50,164,182,3,1,1,-3,-2,整備,2,攻めの守勢,2,炎妃龍の真髄,1,,,,,炎妃龍の重殻,3,炎妃龍の大たてがみ,3,炎妃龍の剛角,2,古龍の大宝玉,1,202,大霊脈玉,1,古龍の浄血,2,0,
EXエンプレスセクターβ,0,12,4,2,0,M50,164,182,3,1,1,-3,-2,整備,2,炎妃龍の真髄,1,,,,,,,炎妃龍の重殻,3,炎妃龍の大たてがみ,3,炎妃龍の剛角,2,古龍の大宝玉,1,202,大霊脈玉,1,古龍の浄血,2,0,
EXゾークヘルムα,0,12,3,1,0,M100,166,184,1,1,-3,1,-3,渾身,2,スタミナ急速回復,1,滅尽龍の覇気,1,,,,,滅尽龍の重殻,3,殲滅の大剛角,3,無窮の新生殻,4,斬竜の天鱗,1,204,大霊脈玉,1,古龍の浄血,2,0,
EXゾークヘルムβ,0,12,4,2,0,M100,166,184,1,1,-3,1,-3,渾身,2,滅尽龍の覇気,1,,,,,,,滅尽龍の重殻,3,殲滅の大剛角,3,無窮の新生殻,4,斬竜の天鱗,1,204,大霊脈玉,1,古龍の浄血,2,0,
EX金色ノ添髪α,0,11,0,0,0,M24,158,182,2,0,3,-5,2,弱点特効,2,匠,2,金獅子の怒気,1,,,,,金獅子の黒荒毛,4,金獅子の剛角,2,金獅子の尻尾,1,黄金の煌毛,2,202,霊脈玉,1,大竜玉,1,0,
EX金色ノ添髪β,0,11,4,1,0,M24,158,182,2,0,3,-5,2,弱点特効,2,金獅子の怒気,1,,,,,,,金獅子の黒荒毛,4,金獅子の剛角,2,金獅子の尻尾,1,黄金の煌毛,2,202,霊脈玉,1,大竜玉,1,0,
EX斉天ノ添髪α,0,12,0,0,0,M24,170,188,2,0,3,-5,2,耳栓,3,火事場力,3,金獅子の闘志,1,,,,,金獅子の怒髪天,2,羅刹の金剛角,1,黄金の煌毛,1,ラージャンハート,1,208,大霊脈玉,1,古龍の浄血,2,0,
EX斉天ノ添髪β,0,12,4,0,0,M24,170,188,2,0,3,-5,2,耳栓,3,火事場力,1,金獅子の闘志,1,,,,,金獅子の怒髪天,2,羅刹の金剛角,1,黄金の煌毛,1,ラージャンハート,1,208,大霊脈玉,1,古龍の浄血,2,0,
EXゴクオウヘルムα,0,11,2,1,0,M24,160,184,2,-4,-5,0,4,力の解放,3,耐震,2,雷狼竜の真髄,1,,,,,獄狼竜の滅龍毛,3,獄狼竜の重殻,2,獄狼竜の剛角,1,蝕龍蟲,5,204,霊脈玉,1,大竜玉,1,0,
EXゴクオウヘルムβ,0,11,4,1,0,M24,160,184,2,-4,-5,0,4,力の解放,3,耐震,1,雷狼竜の真髄,1,,,,,獄狼竜の滅龍毛,3,獄狼竜の重殻,2,獄狼竜の剛角,1,蝕龍蟲,5,204,霊脈玉,1,大竜玉,1,0,
EX龍紋ヲ刻マレシ封冠α,0,12,2,1,1,M24,168,186,2,1,1,1,-1,回避性能,2,超会心,1,赤龍の封印,1,,,,,赤龍の剛角,3,赤龍の厚鱗,4,赤龍の剛翼,6,ジオニウム結晶体,1,206,大霊脈玉,1,古龍の浄血,2,0,
EX龍紋ヲ刻マレシ封冠β,0,12,4,1,1,M24,168,186,2,1,1,1,-1,回避性能,1,超会心,1,赤龍の封印,1,,,,,赤龍の剛角,3,赤龍の厚鱗,4,赤龍の剛翼,6,ジオニウム結晶体,1,206,大霊脈玉,1,古龍の浄血,2,0,
EXブラキウムヘルムα,0,12,2,2,1,M24,170,188,3,-2,1,-3,1,弱点特効,1,ガード性能,2,砕竜の闘志,1,,,,,不壊の黒曜甲,2,砕竜の弾頭殻,1,砕竜の撃滅拳,2,古龍の大宝玉,1,208,大霊脈玉,1,古龍の浄血,2,0,
EXブラキウムヘルムβ,0,12,4,4,1,M24,170,188,3,-2,1,-3,1,弱点特効,1,砕竜の闘志,1,,,,,,,不壊の黒曜甲,2,砕竜の弾頭殻,1,砕竜の撃滅拳,2,古龍の大宝玉,1,208,大霊脈玉,1,古龍の浄血,2,0,
EXマムガイラヘルムα,0,12,0,0,0,M24,176,194,4,-2,3,-2,-4,満足感,1,属性解放／装填拡張,3,爛輝龍の真髄,1,,,,,爛輝龍の重金鱗,4,爛輝龍の重金殻,2,爛輝龍の重金巻角,6,金色の龍神玉,1,214,大霊脈玉,1,古龍の浄血,2,0,
EXマムガイラヘルムβ,0,12,4,4,1,M24,176,194,4,-2,3,-2,-4,満足感,1,爛輝龍の真髄,1,,,,,,,爛輝龍の重金鱗,4,爛輝龍の重金殻,2,爛輝龍の重金巻角,6,金色の龍神玉,1,214,大霊脈玉,1,古龍の浄血,2,0,
EXテンタクルヘルムγ,0,12,4,2,0,M100,176,194,-3,4,3,0,-2,スタミナ急速回復,3,整備,1,溟龍の神秘,1,,,,,溟龍チケット,1,溟龍の特上皮,5,溟龍の剛爪,6,溟龍の幻曜ヒゲ,2,214,大霊脈玉,1,古龍の浄血,2,0,
EXウーロンヘッドα,0,9,4,0,0,M1,120,158,1,1,1,4,1,見切り,3,万福の祝福,1,,,,,,,万福チケット,1,霊脈の結晶,2,,,,,178,霊脈玉のかけら,1,いにしえの巨龍骨,1,0,
EXアストラヴェールα,0,9,4,0,0,M1,140,178,2,2,2,2,2,広域化,3,大感謝の祝福,1,,,,,,,大感謝チケット,1,グラシスメタル,1,強竜骨,1,,,198,霊脈玉のかけら,1,いにしえの巨龍骨,1,0,
EXローゼヘッドα,0,10,3,2,1,M9,150,182,4,1,1,1,1,不屈,1,満開の祝福,1,,,,,,,満開チケット,1,重竜骨,1,,,,,202,霊脈玉,1,ピュアクリスタル,2,0,
EX蒼世ノ侍【艶髪】α,0,12,4,0,0,,170,188,2,2,0,0,3,スリンガー装填数ＵＰ,3,弱点特効,1,銀火竜の真髄,1,,,,,,,,,,,,,208,大霊脈玉,1,古龍の浄血,2,0,
EXバヌークヘルムα,0,12,4,1,1,M24,160,178,2,0,2,2,2,集中,2,水場・深雪適応,1,蛮顎竜の覇気,1,,,,,デーモンチケット,1,恐暴竜の厚黒皮,2,恐暴竜の厚黒鱗,1,いにしえの巨龍骨,1,198,大霊脈玉,1,古龍の浄血,2,0,
EXギンセンザルα,0,9,2,1,0,M3,120,158,0,0,0,5,0,体力回復量ＵＰ,2,,,,,,,,,ギンセンチケット,3,極上の毛皮,2,頑強な重骨,2,,,178,霊脈玉のかけら,1,いにしえの巨龍骨,1,0,
EXキブクレフェイクα,0,9,4,0,0,M4,138,176,-1,3,0,4,0,回避性能,2,,,,,,,,,ペンギンチケット,1,掻鳥の巨大クチバシ,1,,,,,186,霊脈玉のかけら,1,いにしえの巨龍骨,1,0,
EX封印の龍骸布α,0,12,4,4,0,M20,152,170,-3,0,0,1,5,逆恨み,1,,,,,,,,,封印の龍骸布,1,死屍を紡いだ被膜,2,古龍の浄血,2,,,190,大霊脈玉,1,古龍の浄血,2,0,
EX竜人族の耳α,0,9,4,0,0,M3,140,168,1,1,1,1,5,キノコ大好き,2,環境利用の知識,1,,,,,,,竜人族チケット,1,頑強な重骨,3,,,,,198,霊脈玉のかけら,1,いにしえの巨龍骨,1,0,
EX身軽さの耳飾りα,0,11,2,2,1,M18,154,178,1,1,1,1,1,受け身術,1,,,,,,,,,※闘技大会マスター01～05をランクA以上,,,,,,,,198,霊脈玉,1,大竜玉,1,0,
EX陽動の耳飾りα,0,12,2,2,1,M70,162,180,1,1,1,1,1,陽動攻撃,1,,,,,,,,,※闘技大会マスター06～07をランクA以上,,,,,,,,194,大霊脈玉,1,古龍の浄血,2,0,
EXレオンフェイスα,0,12,1,1,0,M20,150,168,3,2,2,3,0,挑戦者,2,弱点特効,1,サバイバー,1,,,,,S.T.A.R.S.バッジ,6,古龍の浄血,3,闇を食む牙,2,死屍を紡いだ被膜,2,188,大霊脈玉,1,古龍の浄血,2,1,
EXクレアフェイスα,0,12,1,1,0,M20,150,168,3,2,2,3,0,挑戦者,2,回避性能,2,サバイバー,1,,,,,S.T.A.R.S.バッジ,6,古龍の浄血,3,屍套龍の剛翼,2,死屍を紡いだ被膜,2,188,大霊脈玉,1,古龍の浄血,2,1,
EXシールドウィーバー・頭,0,12,4,2,0,M24,132,150,-1,-1,3,-1,2,体力増強,2,雷属性攻撃強化,2,動力源,1,,,,,碧の宝石,3,獄狼竜の重殻,8,獄狼竜の滅龍殻,5,ピュアクリスタル,1,170,大霊脈玉,1,古龍の浄血,2,1,