#スキル系統,発動スキル,必要ポイント,カテゴリ,効果,系統番号,仮番号
アイテム使用強化,アイテム使用強化Lv1,1,アイテム,一部アイテムの効果時間が1.1倍,1,10
アイテム使用強化,アイテム使用強化Lv2,2,アイテム,一部アイテムの効果時間が1.25倍,1,20
アイテム使用強化,アイテム使用強化Lv3,3,アイテム,一部アイテムの効果時間が1.5倍,1,30
キノコ大好き,キノコ大好きLv1,1,アイテム,アオキノコと毒テングダケがたべられるようになる,20,480
キノコ大好き,キノコ大好きLv2,2,アイテム,さらにニトロダケとマヒダケを食べられるようになる,20,490
キノコ大好き,キノコ大好きLv3,3,アイテム,さらにマンドラゴラと鬼ニトロダケとドキドキノコが食べられるようになる,20,500
広域化,広域化Lv1,1,アイテム,一部アイテムを使用した時、効果の1/3を周囲の仲間にも与える,26,590
広域化,広域化Lv2,2,アイテム,一部アイテムを使用した時、効果の1/3を広い範囲の仲間にも与える,26,600
広域化,広域化Lv3,3,アイテム,一部アイテムを使用した時、効果の2/3を広い範囲の仲間にも与える,26,610
広域化,広域化Lv4,4,アイテム,一部アイテムを使用した時、効果の2/3をかなり広い範囲の仲間にも与える,26,620
広域化,広域化Lv5,5,アイテム,一部アイテムを使用した時、そのままの効果をかなり広い範囲の仲間にも与える,26,630
こやし名人,こやし名人Lv1,1,アイテム,スリンガーこやし弾の逃し効果が上がる,32,790
スリンガー装填数ＵＰ,スリンガー装填数ＵＰLv1,1,アイテム,地面や植物などから取得する弾の装填数が少し増える,55,1240
スリンガー装填数ＵＰ,スリンガー装填数ＵＰLv2,2,アイテム,更にモンスターが落とす一部の弾の装填数も少し増える,55,1250
スリンガー装填数ＵＰ,スリンガー装填数ＵＰLv3,3,アイテム,更にモンスターが落とす全ての弾の装填数が少し増える,55,1260
スリンガー装填数ＵＰ,スリンガー装填数ＵＰLv4,4,アイテム,地面や植物などから取得する弾の装弾数が更に増える,55,
スリンガー装填数ＵＰ,スリンガー装填数ＵＰLv5,5,アイテム,すべての弾の装弾数が更に増える,55,
整備,整備Lv1,1,アイテム,特殊装具の再使用時間が10%短縮,56,1270
整備,整備Lv2,2,アイテム,特殊装具の再使用時間が20%短縮,56,1280
整備,整備Lv3,3,アイテム,特殊装具の再使用時間が30%短縮,56,1290
整備,整備Lv4,4,アイテム,特殊装具の再使用時間が40%短縮,56,1300
整備,整備Lv5,5,アイテム,特殊装具の再使用時間が50%短縮,56,1310
閃光強化,閃光強化Lv1,1,アイテム,閃光弾の範囲拡大,58,1330
体力回復量ＵＰ,体力回復量ＵＰLv1,1,アイテム,回復量1.1倍,64,1510
体力回復量ＵＰ,体力回復量ＵＰLv2,2,アイテム,回復量1.2倍,64,1520
体力回復量ＵＰ,体力回復量ＵＰLv3,3,アイテム,回復量1.3倍,64,1530
砥石使用高速化,砥石使用高速化Lv1,1,アイテム,研ぎ動作を1回省略,77,1820
砥石使用高速化,砥石使用高速化Lv2,2,アイテム,研ぎ動作を2回省略,77,1830
砥石使用高速化,砥石使用高速化Lv3,3,アイテム,研ぎ動作を3回省略,77,1840
肉焼き名人,肉焼き名人Lv1,1,アイテム,こんがり肉を焼き上げやすくなる,86,1960
早食い,早食いLv1,1,アイテム,肉やアイテムを食べる速度がわずかに上昇する,99,2170
早食い,早食いLv2,2,アイテム,肉やアイテムを食べる速度が上昇する,99,2180
早食い,早食いLv3,3,アイテム,肉やアイテムを食べる速度がかなり上昇する,99,2190
笛吹き名人,笛吹き名人Lv1,1,アイテム,狩猟笛の旋律効果時間延長と体力回復上昇率ＵＰ,107,2400
笛吹き名人,笛吹き名人Lv2,2,アイテム,狩猟笛の旋律効果時間を更に延長,107,2410
ボマー,ボマーLv1,1,アイテム,爆発系アイテムのダメージが1.1倍,117,2610
ボマー,ボマーLv2,2,アイテム,爆発系アイテムのダメージが1.2倍,117,2620
ボマー,ボマーLv3,3,アイテム,爆発系アイテムのダメージが1.3倍,117,2630
ボマー,ボマーLv4,4,アイテム,爆発系アイテムのダメージが1.4倍,117,2640
ボマー,ボマーLv5,5,アイテム,爆発系アイテムのダメージが1.5倍,117,2650
満足感,満足感Lv1,1,アイテム,25%の確率で食べたり飲んだりするアイテムがもう1度使える,121,2710
満足感,満足感Lv2,2,アイテム,50%の確率で食べたり飲んだりするアイテムがもう1度使える,121,2720
満足感,満足感Lv3,3,アイテム,75%の確率で食べたり飲んだりするアイテムがもう1度使える,121,2730
威嚇,威嚇Lv1,1,クエスト,発見されても戦闘状態になりにくい,2,40
威嚇,威嚇Lv2,2,クエスト,発見されても戦闘状態にほとんどならない,2,50
威嚇,威嚇Lv3,3,クエスト,発見されても戦闘状態にならない,2,60
運搬の達人,運搬の達人Lv1,1,クエスト,運搬時の移動速度が上がり、ある程度の高所から飛び降りても運搬物を落とさなくなる,3,70
オトモへの采配,オトモへの采配Lv1,1,クエスト,オトモの攻撃力と防御力が1.05倍,4,80
オトモへの采配,オトモへの采配Lv2,2,クエスト,オトモの攻撃力と防御力が1.1倍,4,90
オトモへの采配,オトモへの采配Lv3,3,クエスト,オトモの攻撃力と防御力が1.15倍,4,100
オトモへの采配,オトモへの采配Lv4,4,クエスト,オトモの攻撃力と防御力が1.2倍,4,110
オトモへの采配,オトモへの采配Lv5,5,クエスト,オトモの攻撃力と防御力が1.25倍,4,120
滑走強化,滑走強化Lv1,1,クエスト,スライディングを行うと一定時間会心率が上昇,14,340
感知,感知Lv1,1,クエスト,活性化している採取ポイントが生態マップで解るようになる,17,430
クライマー,クライマーLv1,1,クエスト,壁やツタにつかまり中の回避行動やクラッチ中の移動行動でのスタミナ消費量50%減少,23,540
研究者,研究者Lv1,1,クエスト,大型モンスターの調査・研究が進みやすくなる,25,580
昆虫標本の達人,昆虫標本の達人Lv1,1,クエスト,昆虫系の小型モンスターを倒した時に剥ぎ取れる状態になる確率が上がる,35,830
昆虫標本の達人,昆虫標本の達人Lv2,2,クエスト,昆虫系の小型モンスターを倒した時に剥ぎ取れる状態になる確率がさらに上がる,35,840
昆虫標本の達人,昆虫標本の達人Lv3,3,クエスト,昆虫系の小型モンスターを倒した時に必ず剥ぎ取れる状態になる,35,850
採集の達人,採集の達人Lv1,1,クエスト,採集時の速度が上がり、のけぞり無効,36,860
寒さ耐性,寒さ耐性Lv1,1,クエスト,寒さによる影響を無効化する,37,870
しゃがみ移動速度ＵＰ,しゃがみ移動速度ＵＰLv1,1,クエスト,しゃがみ中、移動速度が速くなる,40,940
ジャンプ鉄人,ジャンプ鉄人Lv1,1,クエスト,ジャンプ中にのけぞり無効,42,980
植生学,植生学Lv1,1,クエスト,草系消費アイテムの取得数+1,46,1060
植生学,植生学Lv2,2,クエスト,さらに実、種系消費アイテムの取得数+1,46,1070
植生学,植生学Lv3,3,クエスト,さらに虫系消費アイテムの取得数+1,46,1080
植生学,植生学Lv4,4,クエスト,さらにキノコ系消費アイテムの取得数+1,46,1090
導蟲反応距離ＵＰ,導蟲反応距離ＵＰLv1,1,クエスト,導蟲の反応距離が広がる,47,1100
スタミナ急速回復,スタミナ急速回復Lv1,1,クエスト,減っているスタミナの回復速度1.1倍,52,1180
スタミナ急速回復,スタミナ急速回復Lv2,2,クエスト,減っているスタミナの回復速度1.2倍,52,1190
スタミナ急速回復,スタミナ急速回復Lv3,3,クエスト,減っているスタミナの回復速度1.3倍,52,1200
体術,体術Lv1,1,クエスト,回避などの固定でスタミナを消費する行動の固定スタミナ消費量10%軽減,62,1430
体術,体術Lv2,2,クエスト,回避などの固定でスタミナを消費する行動の固定スタミナ消費量20%軽減,62,1440
体術,体術Lv3,3,クエスト,回避などの固定でスタミナを消費する行動の固定スタミナ消費量30%軽減,62,1450
体術,体術Lv4,4,クエスト,回避などの固定でスタミナを消費する行動の固定スタミナ消費量40%軽減,62,1460
体術,体術Lv5,5,クエスト,回避などの固定でスタミナを消費する行動の固定スタミナ消費量50%軽減,62,1470
探索者の幸運,探索者の幸運Lv1,1,クエスト,活性化している採取ポイントの発生確率が上昇,68,1620
地質学,地質学Lv1,1,クエスト,骨採取ポイントの採取回数+1,70,1680
地質学,地質学Lv2,2,クエスト,さらに特産品採取ポイントの採取回数+1,70,1690
地質学,地質学Lv3,3,クエスト,さらに鉱石採取ポイントの採取回数+1,70,1700
追跡の達人,追跡の達人Lv1,1,クエスト,痕跡取得時のゲージ上昇量1.5倍,74,1790
釣り名人,釣り名人Lv1,1,クエスト,魚を釣り上げるタイミングが長くなる。大物を釣りやすくなる,76,1810
剥ぎ取り鉄人,剥ぎ取り鉄人Lv1,1,クエスト,剥ぎ取り中、のけぞり無効,91,2050
ハニーハンター,ハニーハンターLv1,1,クエスト,ハチミツ採集時の取得数+1,98,2160
腹減り耐性,腹減り耐性Lv1,1,クエスト,スタミナ最大値の時間減少を50%延長,100,2200
腹減り耐性,腹減り耐性Lv2,2,クエスト,スタミナ最大値の時間減少を100%延長,100,2210
腹減り耐性,腹減り耐性Lv3,3,クエスト,スタミナ最大値の減少を無効化,100,2220
砲撃手,砲撃手Lv1,1,クエスト,バリスタ、大砲の威力が1.5倍,113,2550
砲撃手,砲撃手Lv2,2,クエスト,バリスタ、大砲の威力が2.0倍,113,2560
ランナー,ランナーLv1,1,クエスト,ダッシュなどの徐々にスタミナを消費する行動の継続スタミナ消費量15%軽減,129,2950
ランナー,ランナーLv2,2,クエスト,ダッシュなどの徐々にスタミナを消費する行動の継続スタミナ消費量30%軽減,129,2960
ランナー,ランナーLv3,3,クエスト,ダッシュなどの徐々にスタミナを消費する行動の継続スタミナ消費量50%軽減,129,2970
環境利用の知識,環境利用の知識Lv1,1,クエスト,綿胞子草や、氷耐草など任意発動出来る環境利用時体力が50追加で回復するようになる,135,3100
環境利用の知識,環境利用の知識Lv2,2,クエスト,綿胞子草や、氷耐草など任意発動出来る環境利用時体力が80追加で回復するようになる,135,3110
環境利用の知識,環境利用の知識Lv3,3,クエスト,綿胞子草や、氷耐草など任意発動出来る環境利用時体力が100追加で回復するようになる,135,3120
蛮顎竜の力,奮起,3,シリーズスキル,体力が40%以下の時、一定時間スタミナの消費量が減少する,136,3130
蛮顎竜の闘志,奮起,2,シリーズスキル,体力が40%以下の時、一定時間スタミナの消費量が減少する,136,3140
蛮顎竜の闘志,スタミナ上限突破,4,シリーズスキル,スタミナの上限値が増加する,136,3150
蛮顎竜の覇気,スタミナ上限突破,2,シリーズスキル,スタミナの上限値が増加する,136,3160
火竜の力,会心撃【属性】,2,シリーズスキル,攻撃で会心が発生した際に与える属性ダメージ（火、水、雷、氷、龍）が高くなる,137,3170
火竜の奥義,会心撃【属性】,2,シリーズスキル,攻撃で会心が発生した際に与える属性ダメージ（火、水、雷、氷、龍）が高くなる,137,3180
火竜の奥義,心眼／弾導強化,4,シリーズスキル,攻撃が弾かれなくなる。弾・矢の最大威力状態になるまでの距離が短くなる,137,3190
火竜の真髄,心眼／弾導強化,3,シリーズスキル,攻撃が弾かれなくなる。弾・矢の最大威力状態になるまでの距離が短くなる,137,3200
桜火竜の奥義,毒ダメージ強化,3,シリーズスキル,モンスターに与える毒の効果時間を高める,138,3210
雌火竜の真髄,毒ダメージ強化,2,シリーズスキル,モンスターに与える毒の効果時間を高める,138,3220
角竜の力,鈍器使い,2,シリーズスキル,斬れ味が悪いほど攻撃力があがり、遠距離武器の近接攻撃の威力、気絶させやすさが飛躍的に上昇,142,3230
角竜の奥義,鈍器使い,2,シリーズスキル,斬れ味が悪いほど攻撃力があがり、遠距離武器の近接攻撃の威力、気絶させやすさが飛躍的に上昇,142,3240
角竜の奥義,無属性強化,4,シリーズスキル,装備中の無属性武器の基礎攻撃力1.05倍,142,3250
角竜の覇気,ＫＯ術・極意,3,シリーズスキル,ＫＯ術スキルのレベル上限が解放される,142,3260
熔山龍の奥義,会心撃【特殊】,3,シリーズスキル,攻撃で会心が発生した際に与える状態異常値（麻痺、毒、睡眠、爆破）が高くなる,139,3270
熔山龍の真髄,砲術・極意,3,シリーズスキル,砲術スキルのレベル上限が解放される,139,3280
風漂竜の恩恵,幸運,3,シリーズスキル,クエストクリアでもらえる報酬の数が多くなりやすい。クエストの途中からは効果が得られない,140,
風漂竜の恩寵,幸運,2,シリーズスキル,クエストクリアでもらえる報酬の数が多くなりやすい。クエストの途中からは効果が得られない,140,3290
風漂竜の恩寵,弓溜め段階解放,4,シリーズスキル,弓の溜め段階が1段階増える,140,3300
風漂竜の覇気,弓溜め段階解放,3,シリーズスキル,弓の溜め段階が1段階増える,140,3310
惨爪竜の力,抜刀術【力】,2,シリーズスキル,武器出し攻撃に気絶を誘発する力が追加・強化され攻撃力も少し上がる,141,3320
惨爪竜の奥義,抜刀術【力】,2,シリーズスキル,武器出し攻撃に気絶を誘発する力が追加・強化され攻撃力も少し上がる,141,3330
惨爪竜の奥義,剛刃研磨,4,シリーズスキル,武器を研磨すると一定時間、斬れ味が低下しない,141,3340
惨爪竜の真髄,剛刃研磨,3,シリーズスキル,武器を研磨すると一定時間、斬れ味が低下しない,141,3400
爆鱗竜の守護,根性,3,シリーズスキル,一定以上体力が残っている場合、それ以上のダメージを受けても一度だけ力尽きずに生き残る,143,3410
爆鱗竜の覇気,根性,2,シリーズスキル,一定以上体力が残っている場合、それ以上のダメージを受けても一度だけ力尽きずに生き残る,143,3430
爆鎚竜の守護,ガード強化,3,シリーズスキル,通常はガードできない攻撃も、ガードできるようになる,144,3440
爆鎚竜の覇気,ガード強化,2,シリーズスキル,通常はガードできない攻撃も、ガードできるようになる,144,3420
滅尽龍の飢餓,加速再生,3,シリーズスキル,継続してモンスターに攻撃を当てると、体力が回復する。武器種により回復量が変動する,145,3450
炎王龍の武技,達人芸,3,シリーズスキル,会心発生時、斬れ味を消費しない,146,3460
滅尽龍の覇気,加速再生,2,シリーズスキル,継続してモンスターに攻撃を当てると、体力が回復する。武器種により回復量が変動する,146,
鋼龍の飛翔,風圧完全無効,3,シリーズスキル,全ての風圧を無効化する,147,
屍套龍の命脈,超回復力,3,シリーズスキル,体力の自動回復が、ゲージの最大値まで継続する,148,
屍套龍の霊脈,超回復力,2,シリーズスキル,体力の自動回復が、ゲージの最大値まで継続する,148,
幻獣の恩恵,捕獲名人,4,シリーズスキル,捕獲でもらえる報酬の数が高確率で多くなる。クエストの途中からは効果が得られない,149,
幻獣の恩寵,捕獲名人,3,シリーズスキル,捕獲でもらえる報酬の数が高確率で多くなる。クエストの途中からは効果が得られない,149,
幻獣の神秘,強運,3,シリーズスキル,クエストクリアでもらえる報酬の数が高確率で多くなる。クエストの途中からは効果が得られない,149,
冥灯龍の神秘,業物／弾丸節約,3,シリーズスキル,斬れ味の消耗を半分に抑える／まれにボウガンの弾・弓のビンを消費せずに発射できる,150,
ギルドの導き,強運,4,シリーズスキル,クエストクリアでもらえる報酬の数が高確率で多くなる。クエストの途中からは効果が得られない,151,
調査団の導き,剥ぎ取り名人,4,シリーズスキル,剥ぎ取り回数が1回増える。クエストの途中からは効果が得られない,152,
炎妃龍の恩寵,スタミナ上限突破,2,シリーズスキル,スタミナの上限値が増加する,158,
炎妃龍の恩寵,心眼／弾導強化,4,シリーズスキル,攻撃が弾かれなくなる。弾・矢の最大威力状態になるまでの距離が短くなる,158,
炎妃龍の真髄,整備・極意,3,シリーズスキル,整備スキルのレベル上限が解放される,158,
竜騎士の証,飛燕【属性】,2,シリーズスキル,ジャンプ攻撃の属性ダメージUP,160,
竜騎士の証,達人芸,4,シリーズスキル,会心発生時、斬れ味を消費しない,160,
アステラの祝福,強運,5,シリーズスキル,クエストクリアでもらえる報酬の数が高確率で多くなる。クエストの途中からは効果が得られない,159,
ウィッチャーの心得,イグニの印力,2,シリーズスキル,ウィッチャーの厳しい試練を堪えぬき、真髄を極めた者のみが、強力な炎魔法「イグニの印」を使用することができる,161,
ウィッチャーの心得,超回復力,4,シリーズスキル,体力の自動回復が、ゲージの最大値まで継続する,161,
太古の神秘,会心撃【特殊】,2,シリーズスキル,攻撃で会心が発生した際に与える状態異常値（麻痺、毒、睡眠、爆破）が高くなる,162,
調査団の錬金術,ボマー・極意,3,シリーズスキル,ボマースキルのレベル上限が解放される,163,
氷牙竜の秘技,抜刀術【力】,2,シリーズスキル,武器出し攻撃に気絶を誘発する力が追加・強化され攻撃力も少し上がる,164,
迅竜の真髄,真・業物／弾丸節約,3,シリーズスキル,斬れ味の消耗をかなり抑える／まれにボウガンの弾・弓のビンを消費せずに発射する確率が上がる,165,
斬竜の真髄,渾身・極意,3,シリーズスキル,渾身スキルのレベル上限が解放される,167,
砕竜の真髄,挑戦者・極意,3,シリーズスキル,挑戦者スキルのレベル上限が解放される,168,
轟竜の真髄,満足感・極意,3,シリーズスキル,満足感スキルのレベル上限が解放される,169,
教官の導き,捕獲名人,2,シリーズスキル,捕獲でもらえる報酬の数が高確率で多くなる。クエストの途中からは効果が得られない,170,
恐暴竜の真髄,スタミナ奪取・極意,3,シリーズスキル,スタミナ奪取スキルのレベル上限が解放される,171,
雷狼竜の真髄,力の解放・極意,3,シリーズスキル,力の解放スキルのレベル上限が解放される,172,
ギルドの見識,幸運,2,シリーズスキル,クエストクリアでもらえる報酬の数が多くなりやすい。クエストの途中からは効果が得られない,173,
ギルドの見識,剥ぎ取り名人,4,シリーズスキル,剥ぎ取り回数が1回増える。クエストの途中からは効果が得られない,173,
冰龍の神秘,会心撃【属性】,2,シリーズスキル,攻撃で会心が発生した際に与える属性ダメージ（火、水、雷、氷、龍）が高くなる,174,
冰龍の神秘,冰気錬成,4,シリーズスキル,納刀中、徐々に冰気が高まり、攻撃力が強化される。近接攻撃が当たる度／矢・弾を発射する度、冰気が失われていく,174,
溟龍の神秘,属性加速,2,シリーズスキル,継続してモンスターに攻撃を当てると一定時間、属性解放／装填拡張Lv2が発動。さらに、属性攻撃力も少し上昇する,175,
溟龍の神秘,真・属性加速,4,シリーズスキル,継続してモンスターに攻撃を当てると一定時間、属性解放／装填拡張Lv3が発動。さらに、属性攻撃力も上昇する,175,
地啼龍の神秘,大地縫纏,4,シリーズスキル,装衣を装着している間、耐震Lv3、風圧耐性Lv3、耳栓Lv3、ひるみ無効の効果を得る。,176,
地啼龍の神秘,真・大地縫纏,5,シリーズスキル,装衣を装着している間、耐震Lv3、耳栓Lv3、風圧完全無効、ひるみ無効の効果を得る。,176,
金火竜の真髄,精霊の加護・極意,2,シリーズスキル,精霊の加護スキルのレベル上限が解放される,177,
金火竜の真髄,真・会心撃【特殊】,4,シリーズスキル,攻撃で会心が発生した際に与える状態異常値（麻痺、毒、睡眠、爆破）がかなり高くなる,177,
銀火竜の真髄,スリンガー装填数・極意,2,シリーズスキル,スリンガー装填数ＵＰスキルのレベル上限が解放される,178,
銀火竜の真髄,真・会心撃【属性】,4,シリーズスキル,攻撃で会心が発生した際に与える属性ダメージ（火、水、雷、氷、龍）がかなり高くなる,178,
金獅子の怒気,心眼／弾導強化,2,シリーズスキル,攻撃が弾かれなくなる。弾・矢の最大威力状態になるまでの距離が短くなる,179,
金獅子の怒気,剛刃研磨,4,シリーズスキル,武器を研磨すると一定時間、斬れ味が低下しない,179,
サバイバー,ゾンビ・瘴気無効,2,シリーズスキル,ゾンビ状態・瘴気侵蝕状態を無効化する。,,
サバイバー,挑戦者・極意,4,シリーズスキル,挑戦者スキルのレベル上限が解放される,,
動力源,太古の鎧,5,シリーズスキル,防御力2倍、ダメージリアクション無効化効果。攻撃を一定回数受けるかダメージが100を越えると効果解除する。150秒経過で再発動,,
赤龍の封印,龍脈覚醒,3,シリーズスキル,抜刀中に属性+80、状態異常値+80、会心率+20%上昇。攻撃時にダメージを受けるが、攻撃し続けると自動回復効果を得る。,,
赤龍の封印,真・龍脈覚醒,5,シリーズスキル,抜刀中に属性+150、状態異常値+120、会心率+40%上昇。攻撃時にダメージを受けるが、攻撃し続けると自動回復効果を得る。,,
万福の祝福,万福の贈り物,3,シリーズスキル,【万福の宴】特別報酬の発生する確率が上昇する。（クエストの途中からは効果が得られません）,,
万福の祝福,万福の恵み,5,シリーズスキル,【万福の宴】特別報酬の発生する確率が大きく上昇する。（クエストの途中からは効果が得られません）,,
大感謝の祝福,大感謝の贈り物,3,シリーズスキル,【大感謝の宴】特別報酬の発生する確率が上昇する。（クエストの途中からは効果が得られません）,,
大感謝の祝福,大感謝の恵み,5,シリーズスキル,【大感謝の宴】特別報酬の発生する確率が大きく上昇する。（クエストの途中からは効果が得られません）,,
満開の祝福,満開の贈り物,3,シリーズスキル,【満開の宴】特別報酬の発生する確率が上昇する。（クエストの途中からは効果が得られません）,,
満開の祝福,満開の恵み,5,シリーズスキル,【満開の宴】特別報酬の発生する確率が大きく上昇する。（クエストの途中からは効果が得られません）,,
情熱の祝福,情熱の贈り物,3,シリーズスキル,【情熱の宴】特別報酬の発生する確率が上昇する。（クエストの途中からは効果が得られません）,,
情熱の祝福,情熱の恵み,5,シリーズスキル,【情熱の宴】特別報酬の発生する確率が大きく上昇する。（クエストの途中からは効果が得られません）,,
金獅子の闘志,渾身・極意,2,シリーズスキル,渾身スキルのレベル上限が解放される,,
金獅子の闘志,火事場力・極意,4,シリーズスキル,火事場力スキルのレベル上限が解放される,,
砕竜の闘志,挑戦者・極意,2,シリーズスキル,挑戦者スキルのレベル上限が解放される,,
砕竜の闘志,砲術・極意,4,シリーズスキル,砲術スキルのレベル上限が解放される,,
爛輝龍の真髄,根性,2,シリーズスキル,一定以上体力が残っている場合、それ以上のダメージを受けても一度だけ力尽きずに生き残る,,
爛輝龍の真髄,満足感・極意,4,シリーズスキル,満足感スキルのレベル上限が解放される,,
煌黒龍の神秘,耐性変換【属性】,2,シリーズスキル,防御ステータスの属性耐性値が高いほど、 装備している武器の属性値が上がる,,
煌黒龍の神秘,全属性耐性強化,3,シリーズスキル,全属性の耐性値1.2倍,,
氷牙竜の絶技,抜刀術【力】,1,シリーズスキル,武器出し攻撃に気絶を誘発する力が追加・強化され攻撃力も少し上がる,,
氷牙竜の絶技,ＫＯ術・極意,3,シリーズスキル,ＫＯ術スキルのレベル上限が解放される,,
雷耐性,雷耐性Lv1,1,パラメータ変化,雷耐性+6,16,410
雷耐性,雷耐性Lv2,2,パラメータ変化,雷耐性+12,16,420
雷耐性,雷耐性Lv3,3,パラメータ変化,雷耐性+20、防御力+10,16,640
攻撃,攻撃Lv1,1,パラメータ変化,基礎攻撃力+3,28,650
攻撃,攻撃Lv2,2,パラメータ変化,基礎攻撃力+6,28,660
攻撃,攻撃Lv3,3,パラメータ変化,基礎攻撃力+9,28,670
攻撃,攻撃Lv4,4,パラメータ変化,基礎攻撃力+12、会心率+5%,28,680
攻撃,攻撃Lv5,5,パラメータ変化,基礎攻撃力+15、会心率+5%,28,690
攻撃,攻撃Lv6,6,パラメータ変化,基礎攻撃力+18、会心率+5%,28,700
攻撃,攻撃Lv7,7,パラメータ変化,基礎攻撃力+21、会心率+5%,28,760
氷耐性,氷耐性Lv1,1,パラメータ変化,氷耐性+6,31,770
氷耐性,氷耐性Lv2,2,パラメータ変化,氷耐性+12,31,780
氷耐性,氷耐性Lv3,3,パラメータ変化,氷耐性+20、防御力+10,31,1540
体力増強,体力増強Lv1,1,パラメータ変化,体力+15。猫飯などと重複可能で最大200まで増える,65,1550
体力増強,体力増強Lv2,2,パラメータ変化,体力+30。猫飯などと重複可能で最大200まで増える,65,1560
体力増強,体力増強Lv3,3,パラメータ変化,体力+50。猫飯などと重複可能で最大200まで増える,65,2290
火耐性,火耐性Lv1,1,パラメータ変化,火耐性+6,103,2300
火耐性,火耐性Lv2,2,パラメータ変化,火耐性+12,103,2310
火耐性,火耐性Lv3,3,パラメータ変化,火耐性+20、防御力+10,103,2450
防御,防御Lv1,1,パラメータ変化,防御力+5,111,2460
防御,防御Lv2,2,パラメータ変化,防御力+10,111,2470
防御,防御Lv3,3,パラメータ変化,防御力を1.05倍し、防御力+10,111,2480
防御,防御Lv4,4,パラメータ変化,防御力を1.05倍し、防御力+20、全属性耐性値+3,111,2490
防御,防御Lv5,5,パラメータ変化,防御力を1.08倍し、防御力+20、全属性耐性値+3,111,2500
防御,防御Lv6,6,パラメータ変化,防御力を1.08倍し、防御力+35、全属性耐性値+5,111,2510
防御,防御Lv7,7,パラメータ変化,防御力を1.1倍し、防御力+35、全属性耐性値+5,111,2840
水耐性,水耐性Lv1,1,パラメータ変化,水耐性+6,124,2850
水耐性,水耐性Lv2,2,パラメータ変化,水耐性+12,124,2860
水耐性,水耐性Lv3,3,パラメータ変化,水耐性+20、防御力+10,124,3030
龍耐性,龍耐性Lv1,1,パラメータ変化,龍耐性+6,131,3040
龍耐性,龍耐性Lv2,2,パラメータ変化,龍耐性+12,131,3050
龍耐性,龍耐性Lv3,3,パラメータ変化,龍耐性+20、防御力+10,131,290
火事場力,火事場力Lv1,1,戦闘(攻撃),体力が最大値の35%以下の時に防御力+50,12,300
火事場力,火事場力Lv2,2,戦闘(攻撃),体力が最大値の35%以下の時に攻撃力1.05倍、防御力+50,12,310
火事場力,火事場力Lv3,3,戦闘(攻撃),体力が最大値の35%以下の時に攻撃力1.05倍、防御力+100,12,320
火事場力,火事場力Lv4,4,戦闘(攻撃),体力が最大値の35%以下の時に攻撃力1.1倍、防御力+100,12,330
火事場力,火事場力Lv5,5,戦闘(攻撃),体力が最大値の35%以下の時に攻撃力1.15倍、防御力+100,12,350
火事場力,火事場力Lv6,6,戦闘(攻撃),体力が最大値の35%以下の時に攻撃力1.25倍、防御力+150,12,
火事場力,火事場力Lv7,7,戦闘(攻撃),体力が最大値の35%以下の時に攻撃力1.4倍、防御力+150,12,
雷属性攻撃強化,雷属性攻撃強化Lv1,1,戦闘(攻撃),雷属性攻撃値+30,15,360
雷属性攻撃強化,雷属性攻撃強化Lv2,2,戦闘(攻撃),雷属性攻撃値+60,15,370
雷属性攻撃強化,雷属性攻撃強化Lv3,3,戦闘(攻撃),雷属性攻撃値+100,15,380
雷属性攻撃強化,雷属性攻撃強化Lv4,4,戦闘(攻撃),雷属性攻撃値を1.05倍し、雷属性攻撃値に+100,15,390
雷属性攻撃強化,雷属性攻撃強化Lv5,5,戦闘(攻撃),雷属性攻撃値を1.1倍し、雷属性攻撃値に+100,15,400
雷属性攻撃強化,雷属性攻撃強化Lv6,6,戦闘(攻撃),雷属性攻撃値を1.2倍し、雷属性攻撃値に+100,15,440
貫通弾・竜の一矢強化,貫通弾・竜の一矢強化Lv1,1,戦闘(攻撃),貫通弾、竜の一矢の威力ＵＰ,18,450
貫通弾・竜の一矢強化,貫通弾・竜の一矢強化Lv2,2,戦闘(攻撃),貫通弾、竜の一矢の威力をさらにＵＰ,18,510
強化持続,強化持続Lv1,1,戦闘(攻撃),太刀、操虫棍、盾斧で発生する、強化状態の持続時間1.1倍。双剣、剣斧で発生する、強化状態の持続時間1.3倍。,22,520
強化持続,強化持続Lv2,2,戦闘(攻撃),太刀、操虫棍、盾斧で発生する、強化状態の持続時間1.1倍。双剣、剣斧で発生する、強化状態の持続時間1.6倍。,22,530
強化持続,強化持続Lv3,3,戦闘(攻撃),太刀、操虫棍、盾斧で発生する、強化状態の持続時間1.1倍。双剣、剣斧で発生する、強化状態の持続時間2倍。,22,710
氷属性攻撃強化,氷属性攻撃強化Lv1,1,戦闘(攻撃),氷属性攻撃値+30,30,720
氷属性攻撃強化,氷属性攻撃強化Lv2,2,戦闘(攻撃),氷属性攻撃値+60,30,730
氷属性攻撃強化,氷属性攻撃強化Lv3,3,戦闘(攻撃),氷属性攻撃値+100,30,740
氷属性攻撃強化,氷属性攻撃強化Lv4,4,戦闘(攻撃),氷属性攻撃値を1.05倍し、氷属性攻撃値に+100,30,750
氷属性攻撃強化,氷属性攻撃強化Lv5,5,戦闘(攻撃),氷属性攻撃値を1.1倍し、氷属性攻撃値に+100,30,760
氷属性攻撃強化,氷属性攻撃強化Lv6,6,戦闘(攻撃),氷属性攻撃値を1.2倍し、氷属性攻撃値に+100,30,800
渾身,渾身Lv1,1,戦闘(攻撃),スタミナゲージが満タン状態を5秒間維持すれば、会心率+10%,34,810
渾身,渾身Lv2,2,戦闘(攻撃),スタミナゲージが満タン状態を5秒間維持すれば、会心率+20%,34,820
渾身,渾身Lv3,3,戦闘(攻撃),スタミナゲージが満タン状態を5秒間維持すれば、会心率+30%,34,830
渾身,渾身Lv4,4,戦闘(攻撃),スタミナゲージが満タン状態を4秒間維持すれば、会心率+40%,34,840
渾身,渾身Lv5,5,戦闘(攻撃),スタミナゲージが満タンの状態を維持している間、会心率+40%,34,
災禍転福,災禍転福Lv1,1,戦闘(攻撃),状態異常や、属性やられを解除すると、一定時間、基礎攻撃力+12 属性値に+30 状態異常の蓄積値を1.05倍,,
災禍転福,災禍転福Lv2,2,戦闘(攻撃),状態異常や、属性やられを解除すると、一定時間、基礎攻撃力+15 属性値に+60 状態異常の蓄積値を1.1倍,,
災禍転福,災禍転福Lv3,3,戦闘(攻撃),状態異常や、属性やられを解除すると、一定時間、基礎攻撃力+18 属性値に+90 状態異常の蓄積値を1.15倍,,870
逆恨み,逆恨みLv1,1,戦闘(攻撃),体力ゲージに赤い部分がある間、基礎攻撃力+5,37,880
逆恨み,逆恨みLv2,2,戦闘(攻撃),体力ゲージに赤い部分がある間、基礎攻撃力+10,37,890
逆恨み,逆恨みLv3,3,戦闘(攻撃),体力ゲージに赤い部分がある間、基礎攻撃力+15,37,900
逆恨み,逆恨みLv4,4,戦闘(攻撃),体力ゲージに赤い部分がある間、基礎攻撃力+20,37,910
逆恨み,逆恨みLv5,5,戦闘(攻撃),体力ゲージに赤い部分がある間、基礎攻撃力+25,37,920
散弾・剛射強化,散弾・剛射強化Lv1,1,戦闘(攻撃),散弾、剛射、龍の千々矢の威力ＵＰ,38,930
散弾・剛射強化,散弾・剛射強化Lv2,2,戦闘(攻撃),散弾、剛射、龍の千々矢の威力をさらにＵＰ,38,940
死中に活,死中に活Lv1,1,戦闘(攻撃),状態異常時に回避時の無敵時間が大きく延長し、スタミナ消費量も減少,39,950
弱点特効,弱点特効Lv1,1,戦闘(攻撃),部位への攻撃が有効であれば会心率+10%、傷がついていれば更に+5%,41,960
弱点特効,弱点特効Lv2,2,戦闘(攻撃),部位への攻撃が有効であれば会心率+15%、傷がついていれば更に+15%,41,970
弱点特効,弱点特効Lv3,3,戦闘(攻撃),部位への攻撃が有効であれば会心率+30%、傷がついていれば更に+20%,41,990
集中,集中Lv1,1,戦闘(攻撃),ゲージ上昇率5%アップ、溜め時間5%短縮,43,1000
集中,集中Lv2,2,戦闘(攻撃),ゲージ上昇率10%アップ、溜め時間10%短縮,43,1010
集中,集中Lv3,3,戦闘(攻撃),ゲージ上昇率20%アップ、溜め時間15%短縮,43,1170
睡眠ビン追加,睡眠ビン追加Lv1,1,戦闘(攻撃),弓の睡眠ビンの装着が可能になる,51,
攻めの守勢,攻めの守勢Lv1,1,戦闘(攻撃),タイミング良くガードを成功させると、一定時間、攻撃力1.05倍,,
攻めの守勢,攻めの守勢Lv2,2,戦闘(攻撃),タイミング良くガードを成功させると、一定時間、攻撃力1.1倍,,
攻めの守勢,攻めの守勢Lv3,3,戦闘(攻撃),タイミング良くガードを成功させると、一定時間、攻撃力1.15倍,,1370
属性解放／装填拡張,属性解放／装填拡張Lv1,1,戦闘(攻撃),隠された属性の1/3を引き出し、一部の弾の装填数を増加,60,1380
属性解放／装填拡張,属性解放／装填拡張Lv2,2,戦闘(攻撃),隠された属性の2/3を引き出し、多くの弾の装填数を増加,60,1390
属性解放／装填拡張,属性解放／装填拡張Lv3,3,戦闘(攻撃),隠された属性を100%引き出し、ほとんどの弾の装填数を増加,60,1570
匠,匠Lv1,1,戦闘(攻撃),斬れ味+10,66,1580
匠,匠Lv2,2,戦闘(攻撃),斬れ味+20,66,1590
匠,匠Lv3,3,戦闘(攻撃),斬れ味+30,66,1600
匠,匠Lv4,4,戦闘(攻撃),斬れ味+40,66,1610
匠,匠Lv5,5,戦闘(攻撃),斬れ味+50,66,1630
力の解放,力の解放Lv1,1,戦闘(攻撃),特定の条件を満たすと、一定時間会心率+10%、固定スタミナ消費量30%軽減,69,1640
力の解放,力の解放Lv2,2,戦闘(攻撃),特定の条件を満たすと、一定時間会心率+20%、固定スタミナ消費量30%軽減,69,1650
力の解放,力の解放Lv3,3,戦闘(攻撃),特定の条件を満たすと、一定時間会心率+30%、固定スタミナ消費量50%軽減,69,1660
力の解放,力の解放Lv4,4,戦闘(攻撃),特定の条件を満たすと、一定時間会心率+40%、固定スタミナ消費量50%軽減,69,1670
力の解放,力の解放Lv5,5,戦闘(攻撃),特定の条件を満たすと、一定時間会心率+50%、固定スタミナ消費量50%軽減,69,1710
力の解放,力の解放Lv6,6,戦闘(攻撃),特定の条件を満たすと、一定時間会心率+50%、固定スタミナ消費量50%軽減。効果が発動しやすくなる。,69,
力の解放,力の解放Lv7,7,戦闘(攻撃),特定の条件を満たすと、一定時間会心率+60%、固定スタミナ消費量50%軽減。効果が発動しやすくなる。,69,
超会心,超会心Lv1,1,戦闘(攻撃),会心攻撃のダメージ倍率を1.3倍に強化する,71,1720
超会心,超会心Lv2,2,戦闘(攻撃),会心攻撃のダメージ倍率を1.35倍に強化する,71,1730
超会心,超会心Lv3,3,戦闘(攻撃),会心攻撃のダメージ倍率を1.4倍に強化する,71,1740
挑戦者,挑戦者Lv1,1,戦闘(攻撃),戦闘中の大型モンスターが怒ると、基礎攻撃力+4、会心率+5%,73,1750
挑戦者,挑戦者Lv2,2,戦闘(攻撃),戦闘中の大型モンスターが怒ると、基礎攻撃力+8、会心率+5%,73,1760
挑戦者,挑戦者Lv3,3,戦闘(攻撃),戦闘中の大型モンスターが怒ると、基礎攻撃力+12、会心率+7%,73,1770
挑戦者,挑戦者Lv4,4,戦闘(攻撃),戦闘中の大型モンスターが怒ると、基礎攻撃力+16、会心率+7%,73,1780
挑戦者,挑戦者Lv5,5,戦闘(攻撃),戦闘中の大型モンスターが怒ると、基礎攻撃力+20、会心率+10%,73,1790
挑戦者,挑戦者Lv6,6,戦闘(攻撃),戦闘中の大型モンスターが怒ると、基礎攻撃力+24、会心率+15%,73,
挑戦者,挑戦者Lv7,7,戦闘(攻撃),戦闘中の大型モンスターが怒ると、基礎攻撃力+28、会心率+20%,73,1800
通常弾・通常矢強化,通常弾・通常矢強化Lv1,1,戦闘(攻撃),通常弾、通常矢の威力ＵＰ,75,1810
通常弾・通常矢強化,通常弾・通常矢強化Lv2,2,戦闘(攻撃),通常弾、通常矢の威力をさらにＵＰ,75,1850
特殊射撃強化,特殊射撃強化Lv1,1,戦闘(攻撃),ボウガンの特殊弾と弓の竜の一矢、龍の千々矢の威力が1.1倍,78,1860
特殊射撃強化,特殊射撃強化Lv2,2,戦闘(攻撃),ボウガンの特殊弾と弓の竜の一矢、龍の千々矢の威力が1.2倍,78,1930
毒ビン追加,毒ビン追加Lv1,1,戦闘(攻撃),弓の毒ビンの装着が可能になる,82,2010
鈍器使い,鈍器使いLv1,1,戦闘(攻撃),斬れ味が悪いほど攻撃力があがり、遠距離武器の近接攻撃の威力、気絶させやすさが飛躍的に上昇,,
乗り名人,乗り名人Lv1,1,戦闘(攻撃),モンスターに乗りやすく、乗り状態で成功しやすくなる,89,2090
爆破ビン追加,爆破ビン追加Lv1,1,戦闘(攻撃),弓の爆破ビンの装着が可能になる,94,2130
抜刀術【技】,抜刀術【技】Lv1,1,戦闘(攻撃),武器出し攻撃の会心率+30%,97,2140
抜刀術【技】,抜刀術【技】Lv2,2,戦闘(攻撃),武器出し攻撃の会心率+60%,97,2150
抜刀術【技】,抜刀術【技】Lv3,3,戦闘(攻撃),武器出し攻撃の会心率+100%,97,2230
飛燕,飛燕Lv1,1,戦闘(攻撃),ジャンプ攻撃の威力が1.3倍,101,2410
不屈,不屈Lv1,1,戦闘(攻撃),1回力尽きるごとに攻撃力1.1倍、防御力1.15倍,108,2420
フルチャージ,フルチャージLv1,1,戦闘(攻撃),体力が最大の時、基礎攻撃力+5,109,2430
フルチャージ,フルチャージLv2,2,戦闘(攻撃),体力が最大の時、基礎攻撃力+10,109,2440
フルチャージ,フルチャージLv3,3,戦闘(攻撃),体力が最大の時、基礎攻撃力+20,109,2570
砲術,砲術Lv1,1,戦闘(攻撃),ガンランスの砲撃と竜撃砲、チャージアックスのビン攻撃、徹甲榴弾などの爆破系の攻撃力が1.1倍。竜撃砲の冷却時間が15%減少,114,2580
砲術,砲術Lv2,2,戦闘(攻撃),ガンランスの砲撃と竜撃砲、チャージアックスのビン攻撃、徹甲榴弾などの爆破系の攻撃力が1.2倍。竜撃砲の冷却時間が30%減少,114,2590
砲術,砲術Lv3,3,戦闘(攻撃),ガンランスの砲撃と竜撃砲、チャージアックスのビン攻撃、徹甲榴弾などの爆破系の攻撃力が1.3倍。竜撃砲の冷却時間が50%減少,114,2600
砲術,砲術Lv4,4,戦闘(攻撃),ガンランスの砲撃と竜撃砲、チャージアックスのビン攻撃、徹甲榴弾などの爆破系の攻撃力が1.4倍。竜撃砲の冷却時間が60%減少,114,
砲術,砲術Lv5,5,戦闘(攻撃),ガンランスの砲撃と竜撃砲、チャージアックスのビン攻撃、徹甲榴弾などの爆破系の攻撃力が1.5倍。竜撃砲の冷却時間が70%減少,114,
砲弾装填数ＵＰ,砲弾装填数ＵＰLv1,1,戦闘(攻撃),ガンランスの砲撃装填数とチャージアックスのビン装填数が1増える,115,2700
麻痺ビン追加,麻痺ビン追加Lv1,1,戦闘(攻撃),弓の麻痺ビンの装着が可能になる,120,2720
見切り,見切りLv1,1,戦闘(攻撃),会心率+5%,122,2730
見切り,見切りLv2,2,戦闘(攻撃),会心率+10%,122,2740
見切り,見切りLv3,3,戦闘(攻撃),会心率+15%,122,2750
見切り,見切りLv4,4,戦闘(攻撃),会心率+20%,122,2760
見切り,見切りLv5,5,戦闘(攻撃),会心率+25%,122,2770
見切り,見切りLv6,6,戦闘(攻撃),会心率+30%,122,2780
見切り,見切りLv7,7,戦闘(攻撃),会心率+40%,122,3360
心眼／弾導強化,心眼／弾導強化Lv1,1,戦闘(攻撃),攻撃が弾かれなくなる。弾・矢の最大威力状態になるまでの距離が短くなる,154,3370
無属性強化,無属性強化Lv1,1,戦闘(攻撃),装備中の無属性武器の基礎攻撃力1.05倍,155,3380
弓溜め段階解放,弓溜め段階解放Lv1,1,戦闘(攻撃),弓の溜め段階が1段階増える,156,3390
剛刃研磨,剛刃研磨Lv1,1,戦闘(攻撃),武器を研磨すると一定時間、斬れ味が低下しない,157,130
業物／弾丸節約,業物／弾丸節約Lv1,1,戦闘(攻撃),斬れ味の消耗を半分に抑える／まれにボウガンの弾・弓のビンを消費せずに発射できる,,
受け身術,受け身術Lv1,1,戦闘(生存),抜刀中、攻撃を受けて大きく吹っ飛んだ時、受け身を取り素早く復帰できるようになる,,
ガード性能,ガード性能Lv1,1,戦闘(生存),威力をわずかに軽減,6,140
ガード性能,ガード性能Lv2,2,戦闘(生存),威力をわずかに軽減し、スタミナ消費量を15%軽減,6,150
ガード性能,ガード性能Lv3,3,戦闘(生存),威力を大きく軽減し、スタミナ消費量を15%軽減,6,160
ガード性能,ガード性能Lv4,4,戦闘(生存),威力を大きく軽減し、スタミナ消費量を30%軽減,6,170
ガード性能,ガード性能Lv5,5,戦闘(生存),威力をとても大きく軽減し、スタミナ消費量を50%軽減,6,180
回避距離ＵＰ,回避距離ＵＰLv1,1,戦闘(生存),回避距離がわずかに延長,9,190
回避距離ＵＰ,回避距離ＵＰLv2,2,戦闘(生存),回避距離が延長,9,200
回避距離ＵＰ,回避距離ＵＰLv3,3,戦闘(生存),回避距離が大きく延長,9,210
回避性能,回避性能Lv1,1,戦闘(生存),無敵時間がほんのわずかに延長,10,220
回避性能,回避性能Lv2,2,戦闘(生存),無敵時間がわずかに延長,10,230
回避性能,回避性能Lv3,3,戦闘(生存),無敵時間が延長,10,240
回避性能,回避性能Lv4,4,戦闘(生存),無敵時間が大きく延長,10,250
回避性能,回避性能Lv5,5,戦闘(生存),無敵時間がとても大きく延長,10,260
回復速度,回復速度Lv1,1,戦闘(生存),赤ゲージの自動回復速度2倍,11,270
回復速度,回復速度Lv2,2,戦闘(生存),赤ゲージの自動回復速度3倍,11,280
回復速度,回復速度Lv3,3,戦闘(生存),赤ゲージの自動回復速度4倍,11,1300
根性,根性Lv1,1,戦闘(生存),一定以上体力が残っている場合、それ以上のダメージを受けても一度だけ力尽きずに生き残る,,
精霊の加護,精霊の加護Lv1,1,戦闘(生存),一定確率で受けるダメージを15%軽減,57,1310
精霊の加護,精霊の加護Lv2,2,戦闘(生存),一定確率で受けるダメージを30%軽減,57,1320
精霊の加護,精霊の加護Lv3,3,戦闘(生存),一定確率で受けるダメージを50%軽減,57,1340
精霊の加護,精霊の加護Lv4,4,戦闘(生存),一定確率で受けるダメージを60%軽減,57,
精霊の加護,精霊の加護Lv5,5,戦闘(生存),一定確率で受けるダメージを60%軽減。効果が発動しやすくなる。,57,
潜伏,潜伏Lv1,1,戦闘(生存),見失いやすさが少し上がる,59,1350
潜伏,潜伏Lv2,2,戦闘(生存),見失いやすさが上がる,59,1360
潜伏,潜伏Lv3,3,戦闘(生存),見失いやすさがかなり上がる,59,1940
飛び込み,飛び込みLv1,1,戦闘(生存),大型モンスターに向かってジャンプ回避が出来るようになり、飛距離が伸びる,83,1980
納刀術,納刀術Lv1,1,戦闘(生存),武器をしまう速度がわずかに上昇,88,1990
納刀術,納刀術Lv2,2,戦闘(生存),武器をしまう速度が上昇,88,2000
納刀術,納刀術Lv3,3,戦闘(生存),武器をしまう速度がかなり上昇,88,2320
ひるみ軽減,ひるみ軽減Lv1,1,戦闘(生存),小ダメージ時ののけぞり無効。操虫棍エキス効果一部効果上昇,104,2330
ひるみ軽減,ひるみ軽減Lv2,2,戦闘(生存),小ダメージ時ののけぞり無効、しりもちをのけぞりに軽減。操虫棍エキス効果一部効果上昇,104,2340
ひるみ軽減,ひるみ軽減Lv3,3,戦闘(生存),小ダメージ時ののけぞりとしりもちを無効。操虫棍エキス効果一部効果上昇,104,3350
奮起,奮起Lv1,1,戦闘(生存),体力が40%以下の時、一定時間スタミナの消費量が減少する,,
ガード強化,ガード強化Lv1,1,戦闘(生存),通常はガードできない攻撃も、ガードできるようになる,153,550
ＫＯ術,ＫＯ術Lv1,1,戦闘(属性・異常),気絶効果1.2倍,24,560
ＫＯ術,ＫＯ術Lv2,2,戦闘(属性・異常),気絶効果1.3倍,24,570
ＫＯ術,ＫＯ術Lv3,3,戦闘(属性・異常),気絶効果1.4倍,24,580
ＫＯ術,ＫＯ術Lv4,4,戦闘(属性・異常),気絶効果1.5倍,24,590
ＫＯ術,ＫＯ術Lv5,5,戦闘(属性・異常),気絶効果1.6倍,24,1110
睡眠属性強化,睡眠属性強化Lv1,1,戦闘(属性・異常),睡眠の蓄積値を1.05倍し、睡眠の蓄積値に+10,49,1120
睡眠属性強化,睡眠属性強化Lv2,2,戦闘(属性・異常),睡眠の蓄積値を1.1倍し、睡眠の蓄積値に+10,49,1130
睡眠属性強化,睡眠属性強化Lv3,3,戦闘(属性・異常),睡眠の蓄積値を1.2倍し、睡眠の蓄積値に+10,49,1140
睡眠属性強化,睡眠属性強化Lv4,4,戦闘(属性・異常),睡眠の蓄積値を1.3倍し、睡眠の蓄積値に+10,50,1210
スタミナ奪取,スタミナ奪取Lv1,1,戦闘(属性・異常),減気値が1.1倍,54,1220
スタミナ奪取,スタミナ奪取Lv2,2,戦闘(属性・異常),減気値が1.2倍,54,1230
スタミナ奪取,スタミナ奪取Lv3,3,戦闘(属性・異常),減気値が1.3倍,54,1870
スタミナ奪取,スタミナ奪取Lv4,4,戦闘(属性・異常),減気値が1.4倍,54,
スタミナ奪取,スタミナ奪取Lv5,5,戦闘(属性・異常),減気値が1.5倍,54,
毒属性強化,毒属性強化Lv1,1,戦闘(属性・異常),毒の蓄積値を1.05倍し、毒の蓄積値に+10,79,1880
毒属性強化,毒属性強化Lv2,2,戦闘(属性・異常),毒の蓄積値を1.1倍し、毒の蓄積値に+10,79,1890
毒属性強化,毒属性強化Lv3,3,戦闘(属性・異常),毒の蓄積値を1.2倍し、毒の蓄積値に+10,79,1900
毒属性強化,毒属性強化Lv4,4,戦闘(属性・異常),毒の蓄積値を1.3倍し、毒の蓄積値に+10,80,2020
破壊王,破壊王Lv1,1,戦闘(属性・異常),部位に対する蓄積ダメージ1.1倍,90,2030
破壊王,破壊王Lv2,2,戦闘(属性・異常),部位に対する蓄積ダメージ1.2倍,90,2040
破壊王,破壊王Lv3,3,戦闘(属性・異常),部位に対する蓄積ダメージ1.3倍,90,2060
爆破属性強化,爆破属性強化Lv1,1,戦闘(属性・異常),爆破の蓄積値を1.05倍し、爆破の蓄積値に+10,93,2070
爆破属性強化,爆破属性強化Lv2,2,戦闘(属性・異常),爆破の蓄積値を1.1倍し、爆破の蓄積値に+10,93,2080
爆破属性強化,爆破属性強化Lv3,3,戦闘(属性・異常),爆破の蓄積値を1.2倍し、爆破の蓄積値に+10,93,2090
爆破属性強化,爆破属性強化Lv4,4,戦闘(属性・異常),爆破の蓄積値を1.3倍し、爆破の蓄積値に+10,94,2240
火属性攻撃強化,火属性攻撃強化Lv1,1,戦闘(属性・異常),火属性攻撃値+30,102,2250
火属性攻撃強化,火属性攻撃強化Lv2,2,戦闘(属性・異常),火属性攻撃値+60,103,2260
火属性攻撃強化,火属性攻撃強化Lv3,3,戦闘(属性・異常),火属性攻撃値+100,104,2270
火属性攻撃強化,火属性攻撃強化Lv4,4,戦闘(属性・異常),火属性攻撃値を1.05倍し、火属性攻撃値に+100,105,2280
火属性攻撃強化,火属性攻撃強化Lv5,5,戦闘(属性・異常),火属性攻撃値を1.1倍し、火属性攻撃値に+100,106,2290
火属性攻撃強化,火属性攻撃強化Lv6,6,戦闘(属性・異常),火属性攻撃値を1.2倍し、火属性攻撃値に+100,107,2640
麻痺属性強化,麻痺属性強化Lv1,1,戦闘(属性・異常),麻痺の蓄積値を1.05倍し、麻痺の蓄積値に+10,118,2650
麻痺属性強化,麻痺属性強化Lv2,2,戦闘(属性・異常),麻痺の蓄積値を1.1倍し、麻痺の蓄積値に+10,118,2660
麻痺属性強化,麻痺属性強化Lv3,3,戦闘(属性・異常),麻痺の蓄積値を1.2倍し、麻痺の蓄積値に+10,118,2670
麻痺属性強化,麻痺属性強化Lv4,4,戦闘(属性・異常),麻痺の蓄積値を1.3倍し、麻痺の蓄積値に+10,119,2790
水属性攻撃強化,水属性攻撃強化Lv1,1,戦闘(属性・異常),水属性攻撃値+30,123,2800
水属性攻撃強化,水属性攻撃強化Lv2,2,戦闘(属性・異常),水属性攻撃値+60,123,2810
水属性攻撃強化,水属性攻撃強化Lv3,3,戦闘(属性・異常),水属性攻撃値+100,123,2820
水属性攻撃強化,水属性攻撃強化Lv4,4,戦闘(属性・異常),水属性攻撃値を1.05倍し、水属性攻撃値に+100,123,2830
水属性攻撃強化,水属性攻撃強化Lv5,5,戦闘(属性・異常),水属性攻撃値を1.1倍し、水属性攻撃値に+100,123,2840
水属性攻撃強化,水属性攻撃強化Lv6,6,戦闘(属性・異常),水属性攻撃値を1.2倍し、水属性攻撃値に+100,123,2980
陽動攻撃,陽動攻撃Lv1,1,戦闘(属性・異常),攻撃を当てたとき、モンスターの注意をより強く引くようになる,,
龍属性攻撃強化,龍属性攻撃強化Lv1,1,戦闘(属性・異常),龍属性攻撃値+30,130,2990
龍属性攻撃強化,龍属性攻撃強化Lv2,2,戦闘(属性・異常),龍属性攻撃値+60,130,3000
龍属性攻撃強化,龍属性攻撃強化Lv3,3,戦闘(属性・異常),龍属性攻撃値+100,130,3010
龍属性攻撃強化,龍属性攻撃強化Lv4,4,戦闘(属性・異常),龍属性攻撃値を1.05倍し、龍属性攻撃値に+100,130,3020
龍属性攻撃強化,龍属性攻撃強化Lv5,5,戦闘(属性・異常),龍属性攻撃値を1.1倍し、龍属性攻撃値に+100,130,3030
龍属性攻撃強化,龍属性攻撃強化Lv6,6,戦闘(属性・異常),龍属性攻撃値を1.2倍し、龍属性攻撃値に+100,130,3060
龍封力強化,龍封力強化Lv1,1,戦闘(属性・異常),龍封力を1段階強化する,132,450
気絶耐性,気絶耐性Lv1,1,特殊攻撃耐性,気絶状態の時間を60%減らす,19,460
気絶耐性,気絶耐性Lv2,2,特殊攻撃耐性,気絶状態の時間を90%減らす,19,470
気絶耐性,気絶耐性Lv3,3,特殊攻撃耐性,気絶状態にならない,19,1020
瘴気環境適応,瘴気環境適応Lv1,1,特殊攻撃耐性,瘴気の霧を無効化、酸のダメージを軽減,44,1030
瘴気耐性,瘴気耐性Lv1,1,特殊攻撃耐性,瘴気の侵蝕を抑制する,45,1040
瘴気耐性,瘴気耐性Lv2,2,特殊攻撃耐性,瘴気の侵蝕をかなり抑制する,45,1050
瘴気耐性,瘴気耐性Lv3,3,特殊攻撃耐性,瘴気侵蝕状態を無効化する,45,1140
睡眠耐性,睡眠耐性Lv1,1,特殊攻撃耐性,睡眠の時間が30%減少,50,1150
睡眠耐性,睡眠耐性Lv2,2,特殊攻撃耐性,睡眠の時間が60%減少,50,1160
睡眠耐性,睡眠耐性Lv3,3,特殊攻撃耐性,睡眠状態にならなくなる,50,1400
属性やられ耐性,属性やられ耐性Lv1,1,特殊攻撃耐性,全ての属性やられの時間が50%減る,61,1410
属性やられ耐性,属性やられ耐性Lv2,2,特殊攻撃耐性,全ての属性やられの時間が75%減る,61,1420
属性やられ耐性,属性やられ耐性Lv3,3,特殊攻撃耐性,全ての属性やられを無効化,61,1480
耐震,耐震Lv1,1,特殊攻撃耐性,振動【小】を無効化,63,1490
耐震,耐震Lv2,2,特殊攻撃耐性,振動【小】を無効化、振動【大】を軽減,63,1500
耐震,耐震Lv3,3,特殊攻撃耐性,振動【小】【大】を無効化,63,1900
毒耐性,毒耐性Lv1,1,特殊攻撃耐性,毒のダメージを受ける回数が少なくなる,80,1910
毒耐性,毒耐性Lv2,2,特殊攻撃耐性,毒のダメージを受ける回数がとても少なくなる,80,1920
毒耐性,毒耐性Lv3,3,特殊攻撃耐性,毒状態にならなくなる,80,1950
泥耐性,泥耐性Lv1,1,特殊攻撃耐性,モンスターの発生させた泥地での移動速度、回避行動の制限を軽減する,84,1970
熱ダメージ無効,熱ダメージ無効Lv1,1,特殊攻撃耐性,熱によるダメージを無効化する,87,2100
爆破やられ耐性,爆破やられ耐性Lv1,1,特殊攻撃耐性,爆破までの時間が延長、爆破ダメージ軽減,95,2110
爆破やられ耐性,爆破やられ耐性Lv2,2,特殊攻撃耐性,爆破までの時間がさらに延長、爆破ダメージを大きく軽減,95,2120
爆破やられ耐性,爆破やられ耐性Lv3,3,特殊攻撃耐性,爆破やられ無効化,95,2350
風圧耐性,風圧耐性Lv1,1,特殊攻撃耐性,風圧【小】を少し軽減,106,2360
風圧耐性,風圧耐性Lv2,2,特殊攻撃耐性,風圧【小】を軽減,106,2370
風圧耐性,風圧耐性Lv3,3,特殊攻撃耐性,風圧【小】を無効化,106,2380
風圧耐性,風圧耐性Lv4,4,特殊攻撃耐性,風圧【小】を無効化、風圧【大】を軽減,106,2390
風圧耐性,風圧耐性Lv5,5,特殊攻撃耐性,風圧【小】【大】を無効化,106,2520
防御力ＤＯＷＮ耐性,防御力ＤＯＷＮ耐性Lv1,1,特殊攻撃耐性,防御力ＤＯＷＮ状態の時間が50%減少,112,2530
防御力ＤＯＷＮ耐性,防御力ＤＯＷＮ耐性Lv2,2,特殊攻撃耐性,防御力ＤＯＷＮ状態の時間が75%減少,112,2540
防御力ＤＯＷＮ耐性,防御力ＤＯＷＮ耐性Lv3,3,特殊攻撃耐性,防御力ＤＯＷＮ状態にならなくなる,112,2670
麻痺耐性,麻痺耐性Lv1,1,特殊攻撃耐性,麻痺の時間が30%減少,119,2680
麻痺耐性,麻痺耐性Lv2,2,特殊攻撃耐性,麻痺の時間が60%減少,119,2690
麻痺耐性,麻痺耐性Lv3,3,特殊攻撃耐性,麻痺状態にならなくなる,119,2870
水場・深雪適応,水場・深雪適応Lv1,1,特殊攻撃耐性,水場や深雪など地形効果で移動速度が遅くなる場所でも移動速度が減少しない,125,2880
水場・深雪適応,水場・深雪適応Lv2,2,特殊攻撃耐性,水場や深雪など地形効果で移動速度が遅くなる場所でも移動速度が減少せず、回避性能が上がる,125,2890
水場・深雪適応,水場・深雪適応Lv3,3,特殊攻撃耐性,水場や深雪など地形効果で移動速度が遅くなる場所でも移動速度が減少せず、回避性能がかなり上がる,125,2900
耳栓,耳栓Lv1,1,特殊攻撃耐性,咆哮【小】を少し軽減,126,2910
耳栓,耳栓Lv2,2,特殊攻撃耐性,咆哮【小】を軽減,126,2920
耳栓,耳栓Lv3,3,特殊攻撃耐性,咆哮【小】を無効化,126,2930
耳栓,耳栓Lv4,4,特殊攻撃耐性,咆哮【小】を無効化、咆哮【大】を軽減,126,2940
耳栓,耳栓Lv5,5,特殊攻撃耐性,咆哮【小】【大】を無効化,126,3070
裂傷耐性,裂傷耐性Lv1,1,特殊攻撃耐性,裂傷ダメージを軽減,133,3080
裂傷耐性,裂傷耐性Lv2,2,特殊攻撃耐性,裂傷ダメージを大きく軽減,133,3090
裂傷耐性,裂傷耐性Lv3,3,特殊攻撃耐性,裂傷状態を無効化,133,